# Snes9x PS5: SNES game names by ROM CRC32 (headerless), from libretro-database
# metadat/no-intro/Nintendo - Super Nintendo Entertainment System.dat (version 2026.08.01)
002C3021	Akumajou Dracula (Japan) (Virtual Console)
002FA245	Super Bomberman 3 (Europe) (Beta)
003764E5	Derby Stallion II (Japan) (Rev 1)
003D43B7	Rockman X3 (Japan) (Beta 2)
005C77F5	Columns (Japan) (NP)
006364DB	Donkey Kong Country 2 - Diddy's Kong Quest (USA) (En,Fr)
007FD50C	SD Gundam Gaiden 2 - Entaku no Kishi (Japan)
008463A0	Super Pinball - Behind the Mask (USA) (Rev 1)
00A6F147	Star Fox 2 (Japan) (Beta 12)
00A79820	Earthworm Jim (USA) (Beta)
00AF56E8	Marvel Super Heroes in War of the Gems (USA)
00C029C0	Spectre (Europe)
00CC468B	Boxing Legends of the Ring (Europe)
00DC2D51	Mortal Kombat II (Europe) (Rev 1)
00E4C4E6	Teenage Queen (World) (v1.4)
00E61534	Terranigma (Spain)
00F67BA2	Fireteam Rogue (USA) (Proto 1)
00FAD8FD	Pinocchio (USA)
00FF0C74	NHL '94 (USA) (Beta)
010E3DAB	Human Baseball (Japan)
011907A4	Musya - The Classic Japanese Tale of Horror (USA)
011E5068	Rockman X2 (World) (Ja) (Mega Man X Legacy Collection)
01211C80	Super Chase H.Q. (Australia)
012C80BD	Pachinko Ren-chan Tengoku - Super CR Special (Japan)
012EF33D	Death and Return of Superman, The (USA) (Rev 1)
01344C8E	Tiny Toon Adventures - Dotabata Daiundoukai (Japan)
014F0FCF	Bug's Life, A (USA) (Pirate)
0168C3E9	Contra (World) (Ja) (REV-D) (NES Conversion)
017C68C5	Wild Trax (Japan) (En) (Rev 1)
019309A2	Gionbana (Japan)
019C4B02	WeaponLord (Europe)
01A7CAF7	Pinocchio (Japan) (Beta 1)
01AFEC9C	Taikyoku Igo - Goliath (Japan)
01B3114A	Val d'Isere Championship (Europe)
020CA165	Super Star Wars - Return of the Jedi (Europe)
021A3F69	Madden NFL 95 (USA)
02394F36	Arcade's Greatest Hits - The Atari Collection 1 (USA)
023FC5DE	Judge Dredd (USA) (Beta)
024D4AF5	Tecmo Super Baseball (USA) (Beta)
025ADBF9	WildSnake (USA)
025DC28A	Captain Novolin (USA) (En,Fr,Es) (Beta)
026F2C19	Plok (Europe)
027BD1D9	Hind Strike (USA)
02855382	Yuujin no Furi Furi Girls (Japan)
02972591	Muhammad Ali Heavyweight Boxing (USA) (Proto)
02A442B8	Bishoujo Senshi Sailor Moon - Another Story (Japan)
02C52D37	Spider-Man (Europe)
02CE6C96	Raiden Trad (USA)
02EB2728	Power Instinct (USA) (Beta)
02EF410D	Super Turrican Collection (USA) (Strictly Limited Games)
0318FD8C	Hello! Pac-Man (Japan)
03503A0B	SimCity Jr. (Japan)
035265BF	Kirby no Kirakira Kids (Japan)
0354F4B1	Dirt Racer (Europe) (En,Fr,De)
03579738	Mega Man 7 (Europe)
038212EA	Dragon - The Bruce Lee Story (Europe)
03A0E935	Vegas Stakes (USA)
03B99D17	Daffy Duck - The Marvin Missions (USA) (Beta)
03BEE69B	Kenyuu Densetsu Yaiba (Japan) (Beta)
03CAD2D2	NHL 98 (USA)
03E67D38	Pitfall - The Mayan Adventure (USA)
03FD7AD4	Touge Densetsu - Saisoku Battle (Japan)
042A6495	NBA Live 96 (USA)
043F3773	Battletoads-Double Dragon (Europe)
0470839F	Kawasaki Superbike Challenge (Europe) (Beta)
047270F1	Super F1 Circus Limited (Japan)
04C716BB	Family Feud (USA)
04CEEA36	Pagemaster, The (USA) (Beta 2)
04D1E7CF	Ganbare Goemon Kirakira Douchuu - Boku ga Dancer ni Natta Wake (Japan) (Rev 1)
04D55E12	Legend of Zelda, The - A Link to the Past (Europe)
04E9D205	Sankyo Fever! Fever! - Pachinko Jikki Simulation Game (Japan)
04EE98ED	Gokujou Parodius (Japan)
0504F733	SM Choukyoushi Hitomi - Bangai Hen 2 - Maki no Love Love Panic (Japan)
050CB66C	Super Mario - Yoshi Island (Japan) (Rev 1) (Sample)
052167CC	Dezaemon (Japan)
052EE35D	Legend of Zelda, The - A Link to the Past (Europe) (Beta)
053B2615	Ranma 1-2 - Bakuretsu Rantou Hen (Japan)
0551FE84	Donkey Kong Country 3 - Dixie Kong's Double Trouble! (Europe) (En,Fr,De)
055926BE	Super Star Wars (Europe) (Rev 1)
05623AAE	Nintendo Campus Challenge 1992 (USA, Europe) (Competition Cart)
05798DA8	Alice no Paint Adventure (Japan)
0598C5F4	Teenage Mutant Ninja Turtles IV - Turtles in Time (USA) (Beta 1)
05A9FDE8	Ippatsu Gyakuten (Japan)
05C0DA54	A.S.P. - Air Strike Patrol (USA)
05D73187	Parlor! Parlor! 2 (Japan)
05DA6B44	Super Star Wars - Teikoku no Gyakushuu (Japan)
05EAFA58	Wakataka Oozumou - Yume no Kyoudai Taiketsu (Japan)
05FBB855	'96 Zenkoku Koukou Soccer Senshuken (Japan)
06388F71	Area 88 (Japan)
066FE797	Ninja Gaiden Trilogy (USA)
0689EE4A	Umi no Nushi Tsuri (Japan)
068CC21B	Kishin Douji Zenki - Denei Raibu (Japan)
06B1F0F5	Super Bomberman 5 (Japan)
06BADB74	NHL 97 (USA)
06DA6FFF	Fushigi no Dungeon 2 - Fuurai no Shiren (Japan) (Rev 1) (Virtual Console)
06DDBB0D	Ren & Stimpy Show, The - Veediots! (Europe)
06DF4264	Supercooked! (World) (v1.2)
06E6E66D	Go! Go! Dodge League (Japan) (Rev 1)
06F0E94C	Zoop (USA)
0704ABE4	Winter Olympic Games - Lillehammer '94 (USA) (En,Fr,De,Es,It,Pt,Sv,No)
07136575	Sonic The Hedgehog (USA) (Pirate)
072807CE	Super Nobunaga no Yabou - Zenkoku Ban (Japan) (Rev 1)
0730C37C	Cool World (USA)
0744BA5B	Realm (USA)
076AC3FE	MazezaM Challenge (World) (En,Fr) (v1.2)
07715303	Harley's Humongous Adventure (Europe)
079B9996	Indiana Jones' Greatest Adventures (Japan)
07C494B1	Home Alone (USA)
07CAD002	Champions - World Class Soccer (Japan)
07E01EF9	Super Mario World 2 - Yoshi's Island (Europe) (En,Fr,De) (Rev 1)
07FAFCD0	Space Invaders - The Original Game (Japan)
07FFB7AA	Super Donkey Kong 2 - Dixie & Diddy (Japan) (Rev 1) (Virtual Console)
080AC1B5	American Tail, An - Fievel Goes West (Europe)
081A4F7F	Run Saber (USA) (Beta 2)
081FDE86	Dragon Ball Z - Super Butouden 2 (Japan) (Rev 1)
082A05C2	Magical Quest Starring Mickey Mouse, The (USA) (Beta 1)
085D8D14	Wild Guns (USA)
086013CF	Feda - The Emblem of Justice (Japan) (Beta)
0866A769	Sky Mission (Japan) (En)
08806B5B	Mickey Mania - The Timeless Adventures of Mickey Mouse (USA)
0894AE07	Namcot Open (Japan)
08F70A8C	Olympic Summer Games (Europe) (Beta)
08F8CC16	Yokoyama Mitsuteru Sangokushi Bangi - Sugoroku Eiyuu-ki (Japan)
0904F7CE	Rockman X2 (Japan) (Beta 2)
09097B2B	ActRaiser (Europe)
091617BB	Super Oozumou - Nessen Ooichiban (Japan)
0928FC15	Melfand Stories (Japan)
0937A72F	Computer Nouryoku Kaiseki - Ultra Baken (Japan)
094012EA	Hyper V-Ball (Europe)
0944A5C3	ACME Animation Factory (USA)
09692C77	Gdleen (Japan) (Rev 1)
098D7EAA	World Heroes 2 (USA)
09AE53F5	SOS (USA)
09B30705	River City Girls Zero (World) (Ja) (Switch)
09C3C0EF	Emmitt Smith Football (USA)
09E85EA6	Doom (USA)
09E9A04E	Killer Instinct (USA) (Rev 1)
09E9E3BB	Tetris Flash (Japan) (En)
09ED12A5	Super Double Dragon (USA)
09F6F778	Vegas Stakes (USA) (Beta)
09F827A5	Rise of the Robots (Japan) (En)
09FE6EC1	George Foreman's KO Boxing (Europe)
09FF2DFE	Fun 'n Games (Europe)
0A0235C0	Populous II - Trials of the Olympian Gods (Japan)
0A20E602	International Superstar Soccer Deluxe (USA)
0A2E4C2F	Rushing Beat Shura (Japan)
0A2EF2B6	Killer Instinct (USA) (Beta)
0A3F0288	Judge Dredd (USA)
0A479767	Ring Dash (World) (Demo 1)
0A4FF7DE	Magic Sword (USA) (Capcom Town)
0A5370DD	Turf Hero (Japan)
0A5B8444	Iron Commando (World) (QUByte Classics) (PAL)
0A5DFA05	Ranma 1-2 - Ougi Jaanken (Japan)
0A699604	Super Conflict (Europe)
0A6DD870	Legend (USA)
0A7BD0CF	Carrot Man and The Great Garden Getaway (World) (Proto) (SNESDEV 2025)
0A7DC25D	Hansei Zaru Jiro-kun no Daibouken (Japan)
0A7E967D	Tom vs Jerry - The Chase Is On! (Europe) (Proto 1)
0A94FCCA	Super Ninja-kun (Japan)
0AA75FA8	Akumajou Dracula XX (Japan)
0AAE0A10	World Soccer 94 - Road to Glory (USA)
0AB432EC	Venom - Spider-Man - Separation Anxiety (USA) (Sample)
0AB53000	Super F1 Circus 2 (Japan)
0ACA9F18	Magical Quest Starring Mickey Mouse, The (USA) (Beta 2)
0ADAA9DA	Metal Morph (USA)
0AE1B52F	Super Ghouls 'N Ghosts (USA) (Capcom Town)
0B108549	Ultra Baseball Jitsumei Ban 2 (Japan)
0B159D53	Magic Sword (Japan)
0B207E7F	Mohawk & Headphone Jack (USA)
0B26446B	Troy Aikman NFL Football (USA)
0B472197	Ren & Stimpy Show, The - Fire Dogs (USA)
0B57C764	Super Air Diver (Europe)
0B610445	Slayers (Japan)
0B6209BA	Incredible Crash Dummies, The (USA)
0B677A37	King of the Monsters 2 (USA)
0B6F34C7	Hissatsu Pachinko Collection 4 (Japan)
0B6FB2F8	Pebble Beach no Hatou New - Tournament Edition (Japan)
0B7D22B2	Wayne Gretzky and the NHLPA All-Stars (USA)
0B8D1474	Momotarou Dentetsu Happy (Japan)
0B94CCD4	Hebereke no Oishii Puzzle wa Irimasenka (Japan)
0BAC88BB	Kidou Keisatsu Patlabor (Japan)
0BAE0941	Star Fox (USA)
0BC19D72	Dolucky no A.League Soccer (Japan)
0BC88449	Super Descentralizado 1995 (Peru) (Es) (Pirate)
0BD8EC55	Mortal Kombat - Shinken Kourin Densetsu (Japan) (En)
0BECFC92	Kishin Douji Zenki - Battle Raiden (Japan)
0BF543BF	Pachinko Challenger (Japan)
0BFDCA70	Power Drive (Europe) (En,Fr,De,Es,Pt)
0C130961	Jelly Boy (Europe) (Beta 1)
0C34D7B5	Chou Makai Taisen! Dorabocchan (Japan) (Beta)
0C3B4201	Joe & Mac 2 - Lost in the Tropics (USA)
0C4B876B	Bulls vs Blazers and the NBA Playoffs (Europe) (Rev 1)
0C52E145	Yoshi no Cookie - Kuruppon Oven de Cookie (Japan)
0C552B1F	Ranma 1-2 - Chougi Ranbu Hen (Japan)
0C572EF0	Hook (USA)
0C664B71	Family Feud (USA) (Rev 1)
0C7CA5AC	WWF WrestleMania - The Arcade Game (USA) (Beta) (VideoGames)
0C8779B3	Super Nichibutsu Mahjong 3 - Yoshimoto Gekijou Hen (Japan)
0CA0B84F	Todd McFarlane's Spawn - The Video Game (Europe)
0CAC572F	Legend (Europe)
0CC77AF7	FIFA - Road to World Cup 98 (Europe) (En,Fr,De,Es,It,Sv) (A8FP)
0CD0E8D8	Yakouchuu (Japan)
0CE626BA	Hebereke's Popoitto (Europe)
0CF53835	Dragon's Magic (Japan) (En)
0D1B3812	Pink Panther, The (Japan) (En)
0D426A15	Wayne's World (USA)
0D549E3E	Garou Densetsu - Shukumei no Tatakai (Japan)
0D5BD100	Pachi-Slot Kenkyuu (Japan)
0D6A9C48	sNESert Golfing (World)
0D77933E	Super Baseball 2020 (USA)
0D7F770A	Pro Action Replay MK3 (Europe)
0D8837C1	Nintama Rantarou (Japan)
0DA18A10	Acrobat Mission (Japan) (En)
0DB2D9AB	Ryuuko no Ken (Japan)
0DC5E7BA	Revolution X (USA)
0DCBF723	Mouryou Senki Madara 2 (Japan)
0DDA3124	Teenage Mutant Hero Turtles - Tournament Fighters (Europe)
0DFD9CEB	Dungeon Master (USA)
0DFDE2AA	Olivia no Mystery (Japan)
0E074268	Side Pocket (Japan) (En)
0E201E8F	Little Magic (Japan) (Beta)
0E204FBD	Donkey Kong Country - Competition Cartridge (USA) (Competition Cart, Nintendo Power mail-order)
0E318416	Sanrio World Smash Ball! (Japan)
0E31FDEF	Super Tennis (Europe)
0E3EE9B3	Final Fight Tough (Japan)
0E43E135	Parlor! Mini - Pachinko Jikki Simulation Game (Japan) (Rev 1)
0E4C28FE	Heisei Shin Onigashima - Kouhen (Japan)
0E536DD2	Kousoku Shikou Shougi Ou (Japan)
0E57E830	Sure Instinct (World) (v1.0)
0E7E7102	WeaponLord (USA)
0E8AE847	Darius Twin (World) (Ja) (Darius Cozmic Collection)
0E984752	Mujintou Monogatari (Japan)
0E98F71D	Major Title (Japan) (En)
0EAFD03C	Earth Light - Luna Strike (Japan)
0EC0DDAC	Super Mario World - Super Mario Bros. 4 (Japan)
0EC43268	Road Riot 4WD (Europe)
0ED3DCF2	Farland Story (Japan)
0EEA5DC1	Super Sangokushi II (Japan)
0F02330F	Maten Densetsu - Senritsu no Ooparts (Japan)
0F218230	PGA Tour Golf (USA) (Rev 1)
0F359A60	Super Play Action Football (USA)
0F3B758D	Tiny Toon Adventures - Wild & Wacky Sports (Europe) (Rev 1)
0F4F464B	King of the Monsters 2 (USA) (Beta)
0F578F67	Super Dany (France)
0F66698B	Super Mario - Yoshi Island (Japan) (Rev 1)
0F712928	Super Donkey Kong 3 - Nazo no Kremis-tou (Japan)
0F8378A6	Winter Gold (Europe)
0F956136	Operation Logic Bomb - The Ultimate Search & Destroy (Europe)
0FB50CA2	Daibakushou Jinsei Gekijou - Zukkoke Salaryman Hen (Japan) (Rev 1) (NP)
0FBC1145	Copa Libertadores 3 (Peru) (Es) (Pirate)
0FD99721	Jumbo Ozaki no Hole in One (Japan)
0FDB210E	Michael Andretti's Indy Car Challenge (USA)
1006B7E8	Kevin Keegan's Player Manager (Europe) (Beta)
1013BCF3	Jissen Pachi-Slot Hisshouhou! Twin Vol. 2 (Japan)
101D2DFA	Super Star Wars - The Empire Strikes Back (Europe) (Beta)
10313EF0	Chaos Drop (Europe) (Proto 2)
1032241C	Dennis the Menace (USA) (Beta)
1033EBA4	Mega Man X (USA)
10470B58	Return of Double Dragon (Japan) (En)
105AC679	Rex Ronan - Experimental Surgeon (USA) (En,Es)
1064E0E0	Super Double Dragon (Europe) (Beta)
10751E4F	Fighter's History (Japan)
10874C70	Magical Quest Starring Mickey Mouse, The (USA)
10978B2D	Janyuuki - Gokuu Randa (Japan)
10BCA5E1	Heisei Gunjin Shougi (Japan)
10C6F5AD	Jim Lee's WildC.A.T.S - Covert-Action-Teams (USA)
10D71B45	Super Fire Pro Wrestling 3 (Japan) (Auto Demo)
10F03E3C	Bishoujo Senshi Sailor Moon S - Kondo wa Puzzle de Oshioki yo!! (Japan)
11202781	Space Megaforce (USA)
1128572B	Michael Andretti's Indy Car Challenge (Japan)
115233DB	Conveni Wars Barcode Battler Senki - Super Senshi Shutsugeki seyo! (Japan)
115A4DFE	Contra (World) (Ja) (REV-C) (NES Conversion)
11713982	Bishoujo Janshi Suchie-Pai (Japan)
1188C64E	Zool - Ninja of the 'Nth' Dimension (Europe)
118B162E	NBA Jam (Japan) (En)
11960B56	Sure Instinct (World) (v1.0) (PAL)
11A6E64B	Hong Kong '97 (Japan) (En,Ja,Zh-Hant)
11AF8992	GunForce (Europe) (Proto)
11DD3DA9	Famicom Bunko - Hajimari no Mori (Japan) (NP)
11E5BC5E	Battle Clash (Europe)
1200F3CF	Bronkie the Bronchiasaurus (USA) (En,Es)
1210816B	Pro Mahjong Kiwame (Japan)
1228AD30	World Heroes (USA)
12340705	Super Royal Blood (Japan)
124D8E4D	Aladdin (USA)
125A0C22	Dark Law - Meaning of Death (Japan)
126E876F	NFL Football Game (USA) (Proto)
127F554B	River City Girls Zero (World) (De) (Switch)
12AB22A7	Tick, The (USA)
12AD026E	Rise of the Robots (USA) (Beta)
12B592F2	Ken Griffey Jr. Presents Major League Baseball (USA) (Rev 1)
12C42BC0	Shougi Saikyou (Japan)
12CB0A54	Race Drivin' (Europe)
12D589F8	Super Okumanchouja Game (Japan) (Rev 1)
12F0A699	Tactics Ogre - Let Us Cling Together (Japan) (Rev 2) (NP)
12F8A26C	Cliffhanger (USA)
13027564	Lemmings (Japan) (En)
130B0933	Timecop (USA)
1317E63B	Zelda no Densetsu - Kamigami no Triforce (Japan) (Rev 2) (Virtual Console, Switch Online)
13380511	Shadow, The (USA) (Proto 1)
133E1C5B	Same Game (Japan)
13454204	Kouryaku Casino Bar (Japan)
1345ED19	Othello World (Japan)
1351DA2A	Blues Brothers, The (Europe) (Beta)
1354E81E	Madou Monogatari - Hanamaru Daiyouchienji (Japan)
1357D141	Zelda II - The Adventure of Link (World) (REV-H) (NES Conversion)
13648B68	Nishijin Pachinko Monogatari (Japan)
13836BD2	Dragon Quest III - Soshite Densetsu e... (Japan)
139F8C1E	Dorque & Imp (Europe) (Proto) (Woods Level)
13BFB3A0	Wolfchild (USA)
13CD7FC1	Lethal Weapon (Europe)
13EFB895	Hebereke no Popoon (Japan) (Beta)
13FCC999	Shinzui Taikyoku Igo - Go Sennin (Japan)
140A1723	Doraemon 2 - Nobita no Toys Land Daibouken (Japan) (Beta)
14172273	Dottie Flowers (Japan) (v1.1)
14252650	Phantom 2040 (Europe) (En,Fr,De)
143051A5	Art of Fighting (Europe)
14320873	Elnard (Japan)
143E5A7D	Hokuto no Ken 7 - Seiken Retsuden Denshousha e no Michi (Japan)
148B2734	NHL 96 (Europe)
1499B746	J.League Soccer - Prime Goal 3 (Japan)
14A03974	Super Cup Soccer (Japan) (En)
14BBC357	GP-1 (USA)
14CC9C86	Waratte Iitomo! Tamolympic (Japan)
14D3EC90	Unholy Night - The Darkness Hunter (Europe)
14D70786	Panel de Pon (Japan)
14ECC04E	Virtual Bart (USA) (Beta)
14FFB545	Jissen! Pachi-Slot Hisshouhou! 2 (Japan) (Rev 1)
151109F6	Terminator, The (Europe)
1513ACB8	Parlor! Mini 4 - Pachinko Jikki Simulation Game (Japan)
15143605	Flintstones, The (Europe) (En,Fr,De,Es,It) (Beta)
15194FC9	George Foreman's KO Boxing (USA) (Rev 1)
151BD470	Hoshi no Kirby Super Deluxe (Japan)
153A00A7	Addams Family, The - Pugsley's Scavenger Hunt (USA)
15484AFD	Bulls vs Blazers and the NBA Playoffs (USA)
1570C9E2	Desolate (World) (v1.1) (SNESDEV 2025)
1594A363	Skyblazer (USA) (Beta 2)
15C93942	Chessmaster, The (Japan)
15CF4BD5	Beavis and Butt-Head (USA)
15F2271D	Firemen, The (Japan)
1608EA1A	F-1 Grand Prix (Japan)
1619B619	Micro Machines 2 - Turbo Tournament (Europe)
162252E2	Nigel Mansell's World Championship Racing (USA)
1631740D	Super R-Type (Europe)
1637D1A5	Wings 2 - Aces High (USA)
16416BB5	Gods (Europe)
164771B5	Daisenryaku Expert (Japan)
1664AE48	Adventures of Kid Kleets, The (USA) (En,Fr,Es)
167E4C15	Akagawa Jirou - Majo-tachi no Nemuri (Japan)
169DDA02	Hilda (World)
16C63D9C	Captain Tsubasa J - The Way to World Youth (Japan)
16CCA911	Super Double Yakuman (Japan)
16D71685	Jikkyou World Soccer - Perfect Eleven (Japan) (Rev 1)
1703D522	Wizardry Gaiden IV - Taima no Kodou (Japan) (Rev 1)
1712018B	Where in Time Is Carmen Sandiego (USA) (En,Fr,De,Es,It)
1719C322	David Crane's Amazing Tennis (USA) (Arcade)
1725E556	Heisei Shin Onigashima - Zenpen (Japan)
1727E97C	Final Fight 2 (Japan) (Capcom Town)
173E6097	Trials of Mana (World) (En) (Rev 1) (Collection of Mana)
17657DB6	Donkey Kong Country (Europe) (En,Fr,De) (Rev 1)
17689C62	NBA Live 96 (Europe)
177937AB	Jikkyou Oshaberi Parodius (Japan)
1783E3A2	Battletoads in Battlemaniacs (USA) (Beta)
178D0201	Chibi Maruko-chan - Mezase! Minami no Island!! (Japan) (Beta)
17B698AB	SD Gundam Gaiden - Knight Gundam Monogatari - Ooinaru Isan (Japan)
17BBF914	Light Fantasy (Japan)
17C027C4	WWF Super WrestleMania (Europe)
17C8FE56	Starwing - Competition (Europe) (Competition Cart)
17DB8D06	Shien - The Blade Chaser (Japan)
17E2DE82	Super Zugan - Hakotenjou kara no Shoutaijou (Japan)
17F7EE85	MazezaM Challenge DX (World) (En,Fr) (v2.1) (PAL)
1803CF20	Alien vs Predator (USA)
1811725F	Kick Off 3 - European Challenge (Europe) (Beta 1)
181CAE99	Syndicate (Europe) (En,Fr,De) (Beta)
183E3BBF	Astrohawk (World)
184312F8	Joe & Mac - Ultimate Caveman Collection (Europe) (Retro-Bit)
184B07DC	Go! Go! Dodge League (Japan)
184EF398	Arcus Spirits (USA) (Proto)
186BFD41	Rrodas Cross (World) (Demo 3)
187CFBFA	New Super Mario Land (World)
1889FEEF	Doom Troopers (USA)
188F152B	Super Boss Gaiden (World)
1895299C	GP-1 (Japan) (En)
1899AAFF	Boogerman - A Pick and Flick Adventure (USA)
18AFF666	Motoko-chan no Wonder Kitchen (Japan)
18B6820B	Parlor! Mini 6 - Pachinko Jikki Simulation Game (Japan)
18BBAD5C	Ganso Pachi-Slot Nihonichi (Japan)
18BBEE33	Bobby's World (USA) (Proto)
18C5AD58	True Golf Classics - Pebble Beach Golf Links (USA)
1903EA89	Great Circus Mystery Starring Mickey & Minnie, The (USA)
190FF436	Battle Grand Prix (USA)
1919BAFF	Nolan Ryan's Baseball (USA)
191B1A19	Pac-Attack (USA)
191DE0BE	Finalset (Japan) (En) (Beta)
191E1CE3	Populous (Japan)
1934F184	Street Racer (USA) (Beta 2)
19369514	Top Racer (World) (Piko Interactive)
1969BBD9	Street Combat (USA)
1979CF23	Metal Marines (Europe)
197B4CBA	Rocko's Modern Life - Spunky's Dangerous Day (USA)
198FFCDB	Super Battletank 2 (Europe)
199D37DC	Battle Master - Kyuukyoku no Senshi-tachi (Japan) (Sample)
19B69A57	Tetris 2 (Europe)
19BBA16C	Kessen! Dokapon Oukoku IV - Densetsu no Yuusha-tachi (Japan) (Beta 2)
19BDCB19	Derby Stallion 96 (Japan)
19D276B5	Flubber (USA) (Pirate)
19E09C6B	Atlas, The - Renaissance Voyager (Japan)
19E67DFF	Hat Trick Hero 2 (Japan)
19EA457B	CutThroat Island (USA)
19F7288C	Mahjong Taikai II (Japan)
1A06DB31	Biker Mice from Mars (Europe)
1A13435C	Super Fire Pro Wrestling Special (Japan) (Rev 1)
1A19FC3A	Flying Hero - Bugyuru no Daibouken (Japan)
1A24BC5C	X Zone (Europe)
1A2A8732	Super Mahjong 2 - Honkaku 4-nin Uchi! (Japan)
1A31A15C	Jeff's Shoot'Em Up (USA) (Proto)
1A4D2366	College Slam (USA) (Beta)
1A52FEE5	Lester the Unlikely (USA)
1A53B7A8	NHL 97 (Europe) (Rev 1)
1A6F48A5	Yogi Bear (Japan) (En)
1A77CF3B	Shinchou Kouki (Japan) (Rev 1)
1A7B48A7	Borderline (World) (Beta)
1A7C8541	Illusion of Time (Germany)
1A895B24	Frank Thomas Big Hurt (Japan) (En)
1A97C479	Lawnmower Man, The (Europe)
1A9DD5C8	Super Mario World (USA) (Beta)
1AA002D6	Dossun! Ganseki Battle (Japan)
1AA76D59	Taz-Mania (USA) (Beta 2)
1AC48969	Super Fishing Bigfight (Japan)
1AC7F523	Kick Off 3 - European Challenge (Europe) (En,Fr,De,Es,It)
1ACB643D	Mega Man X3 (World) (En) (Mega Man X Legacy Collection)
1AD61BD0	90 Minutes - European Prime Goal (Europe)
1AEB696B	Aladdin (Japan)
1B113C99	Hiryuu no Ken S - Golden Fighter (Japan)
1B1C3DD9	Tecmo Super NBA Basketball (Australia)
1B1D0422	Super Bomberman 2 (USA) (Beta)
1B26735F	World Cup USA '94 (USA) (En,Fr,De,Es,It,Nl,Pt,Sv) (Beta)
1B2C3A47	Super James Pond II (Japan)
1B33D93C	Hakunetsu Pro Yakyuu '94 - Ganba League 3 (Japan)
1B3BC708	Star Fox 2 (Japan) (Beta 7)
1B3E22C3	Lodoss-tou Senki (Japan)
1B53C15A	Family Dog (USA)
1B565BE7	Big Sky Trooper (Europe)
1B644433	Dynamaite - The Las Vegas (Japan)
1B6ADD7B	Albert Odyssey 2 - Jashin no Taidou (Japan)
1B6E1622	Incantation (World) (Evercade)
1B6F0B43	Tecmo Super NBA Basketball (USA) (SNS-XM)
1B751AAA	Super Uno (Japan) (Beta)
1B83C440	Bahamut Lagoon (Japan)
1B8A0625	Super Mario RPG - Legend of the Seven Stars (USA)
1BA08495	WWF WrestleMania - The Arcade Game (USA)
1BB2A0A4	Takeda Nobuhiro no Super Cup Soccer (Japan)
1BC71881	90 Minutes - European Prime Goal (Europe) (Beta)
1BDEB829	Tadaima Yuusha Boshuuchuu Okawari (Japan)
1BDFE6E6	DuckTales (World) (REV-H) (NES Conversion)
1C036B4F	NFL Quarterback Club '95 (Japan) (En)
1C058B7D	Ballz 3D - Fighting at Its Ballziest (USA)
1C0C3D81	Super Momotarou Dentetsu DX (Japan)
1C1025E2	Mr. Do! (USA)
1C3848C0	Illusion of Gaia (USA)
1C384B11	Wheel of Fortune (USA)
1C3D3B72	Mortal Kombat II (USA)
1C4C54D2	Ultimate Mortal Kombat 3 (Europe)
1C57F2C6	Kiki Kaikai - Nazo no Kuro Manteau (Japan)
1C71451C	Takahashi Meijin no Daibouken-jima II (Japan)
1C73B9D1	Shijou Saikyou League Serie A - Ace Striker (Japan)
1CA687B7	King Arthur's World (USA) (Beta 2)
1CA9D815	Operation Thunderbolt (USA) (Beta)
1CB2FE8E	Super Mario All-Stars (USA) (Super Mario All-Stars - 25th Anniversary)
1CC0C6EF	Mortal Kombat II (Europe)
1CC662CD	Duel, The - Test Drive II (USA)
1CCCCC6E	Fork Parker's Crunch Out (USA)
1CD2393D	NBA Live 95 (USA)
1CF3C877	Bakumatsu Kourinden Oni (Japan)
1CF58DE9	Farland Story 2 (Japan)
1CF83BC2	Super Formation Soccer 95 - della Serie A - UCC Xaqua Version (Japan)
1D123BE6	Super Bombliss (Japan) (En)
1D151D45	Jutei Senki (Japan)
1D20CAC2	J.League Super Soccer (Japan)
1D23770C	Seiken Densetsu 2 (Japan) (Rev 1) (Seiken Densetsu Collection)
1D2EAE52	Choplifter III - Rescue-Survive (USA)
1D4AE6AB	Hiouden - Mamono-tachi to no Chikai (Japan)
1D5A48D3	Mario's Time Machine (Germany)
1D8014F6	Breath of Fire II - Shimei no Ko (Japan)
1D8748FA	Mahjong Club (Japan)
1DA17F0C	Final Fantasy USA - Mystic Quest (Japan)
1DBF977A	Supercooked! (World)
1DC14E8B	Stable Star - Kyuusha Monogatari (Japan)
1DED2814	Ultraman (USA)
1DF7233C	Power Rangers (Europe)
1DF8A75C	Picross NP Vol. 2 (Japan) (Rev 1) (NP)
1E079AC0	Tinhead (Europe) (Proto)
1E10A1D1	WarpSpeed (USA)
1E1AA75F	Yoshi no Cookie (Japan)
1E1FF9FE	R-Type III - The Third Lightning (Japan) (En)
1E23F3D6	Igo Club (Japan)
1E327BD9	Tengai Makyou Zero (Japan)
1E4B3858	John Madden NFL Pro Football '94 (Japan)
1E54F2C6	Kidou Soukou Dion (Japan) (En)
1E6ACEBA	Flashback - The Quest for Identity (USA) (En,Fr,De)
1E7A945A	Lemmings 2 - The Tribes (Japan)
1E7EA62C	Super Star Wars - The Empire Strikes Back (USA) (Rev 1)
1ED2D8D6	Mortal Kombat (Europe) (Rev 1)
1ED5D2FA	Donald Duck no Mahou no Boushi (Japan)
1F27C7E9	Sextris (Peru) (En) (Pirate)
1F35F230	Hoshi no Kirby Super Deluxe (Japan) (Rev 2)
1F73C832	GT Racing (Japan)
1F74E668	Chavez (USA) (Es) (Beta)
1F7CE2A8	Super Widget (Europe)
1F8C30E8	Legend of Zelda, The - A Link to the Past (France)
1FBC1DDB	NBA Jam - Tournament Edition (USA)
1FC1915D	JRA PAT - Wide Taiouban (Japan) (TJDJ)
1FD515D6	Phalanx (Europe)
1FE12B7A	F-Zero (USA) (Beta)
1FE85551	NBA Jam - Tournament Edition (USA) (Beta)
1FF42561	World Heroes (Japan)
200370A2	NCAA Basketball (USA) (Rev 1)
200EC9C8	Last Battle, The (Japan)
20143571	Advanced Dungeons & Dragons - Eye of the Beholder (USA)
20157693	Soul Blazer (France)
2019FABE	Mother 2 - Gyiyg no Gyakushuu (Japan)
202B3738	Mazinger Z (Japan)
20367643	Road Riot 4WD (USA)
20503FAC	Big Sky Trooper (USA) (Beta 1)
2051315B	Super Pachi-Slot Mahjong (Japan)
205654DD	Batman - Revenge of the Joker (USA) (Proto)
2061FE60	Super Punch-Out!! (World) (GameCube)
20670C86	Winning Post 2 (Japan)
206BD866	Ganbare! Daiku no Gen-san (Japan)
208FBF59	NHL Hockey '94 (Europe)
20AA9B78	Best of the Best - Championship Karate (Europe) (Beta 2)
20B5C364	Clay Fighter 2 - Judgment Clay (USA)
20CFC61C	NCAA Basketball (USA) (Arcade)
20D31588	Shin Megami Tensei II (Japan)
20F2AC29	Lufia II - Rise of the Sinistrals (USA)
2101D515	WWF Royal Rumble (USA)
21027C5D	Final Fantasy IV (Japan)
21239DDA	Frank Thomas Big Hurt Baseball (USA)
212E39A7	Super Street Fighter II (Europe) (Virtual Console)
2131E2B7	Mega Man V (World) (REV-C) (NES Conversion)
213368D5	Princess Minerva (Japan)
21392B00	California Games II (USA)
2142A484	Pro Mahjong Kiwame II (Japan) (Rev 1)
216F2FC7	Eek! The Cat (USA)
21A9925D	Take Yutaka GI Memory (Japan)
21B47E62	Destructive (Japan)
21D280F8	Solstice II (Japan)
21E658B8	Kirby's Avalanche (USA)
21E72036	Kashiwagi Shigetaka no Top Water Bassing (Japan)
21EE5635	Super Sudoku (World) (v1.1)
220E09FA	Ghoul Patrol (USA) (Limited Run Games)
220F154D	Legend of Zelda, The - A Link to the Past (France) (Beta 1)
224F2944	Super Mahjong Taikai (Japan) (Rev 1)
226929CF	Pocky & Rocky 2 (Europe)
226998D6	Home Alone 2 - Lost in New York (Europe)
22711FC8	Super Trump Collection 2 (Japan)
227E2D1F	Choplifter III - Rescue-Survive (USA) (Beta 2)
227FBE4D	Primal Rage (USA) (Beta)
2283A3BD	Nintendo Challenge (Japan) (En) (Competition Cart)
22947169	Smurfs Travel the World, The (Europe) (En,Fr,De,Es)
22A109B9	Mark Davis' The Fishing Master (USA)
22D08E51	Super Probotector - Alien Rebels (World) (Contra Anniversary Collection)
22E1403F	Mary Shelley's Frankenstein (USA) (Beta)
22F9B260	Atmosfear (USA) (Proto)
2300FBA8	Super Full Metal Planet (Europe) (En,It) (Proto 2)
23084FCD	Final Fantasy II (USA) (Rev 1)
231F0F67	U.N. Squadron (USA)
232BB5B8	Super Mario Collection (Japan)
233EBCA1	Sports Illustrated - Championship Football & Baseball (USA) (Beta 1)
233FEC8C	Nickelodeon GUTS (USA)
23507977	Jet Pilot Rising (World) (De) (v1.1)
235A86D2	Mr. Bloppy Saves the World (USA) (Piko Interactive)
23665F74	Super Star Wars (USA) (Beta 3)
23670C9E	Puzzle Nintama Rantarou - Ninjutsu Gakuen Puzzle Taikai no Dan (Japan)
236932E0	Coron Land (Japan)
239621A0	Super Robot Taisen EX (Japan)
239D2862	SA1 Demonstration Program (World) (Tech Demo)
23CA6237	Ys III - Wanderers from Ys (Japan) (Rev 1)
23D61C64	Kouryuuki (Japan)
23FC2BFC	Picross NP Vol. 3 (Japan) (NP)
24020E16	Super Yakyuudou (Japan)
24229A34	Sonic Blast Man II (USA)
24230807	D-Force (USA)
242B8181	Aero the Acro-Bat 2 (Europe)
24373CC6	Crayon Shin-chan 2 - Daimaou no Gyakushuu (Japan)
244CF4DF	Super Gussun Oyoyo 2 (Japan)
247680B9	Bounty Sword (Japan) (Beta)
247C17D3	J.R.R. Tolkien's The Lord of the Rings - Volume One (Europe)
2488B8F2	Frogger (USA)
24935769	Stunt Race FX (Europe)
249DFFD6	Super Aquatic Games Starring the Aquabats, The (USA) (Beta)
24AAE139	Donkey Kong Country 2 - Diddy's Kong Quest (USA, Europe) (En,Fr) (Rev 1) (Switch Online)
24BBDDF8	Stargate (Japan)
24C9B924	Simulation Pro Yakyuu (Japan)
24D4CFE9	ABC Monday Night Football (Japan)
24DD9CF6	Super Mario All-Stars (Europe) (Super Mario All-Stars - 25th Anniversary)
24F92540	World Cup USA 94 (Japan) (En,Fr,De,Es,It,Nl,Pt,Sv)
24FE792F	Asameshimae Nyanko (Japan)
24FFE7FD	Dragon's Lair (USA)
2528D5A0	Picross NP Vol. 7 (Japan) (Rev 1) (NP)
252A96C7	Utopia - The Creation of a Nation (USA)
252C1DA7	Killer Instinct (USA)
25391C9F	Bill Walsh College Football (USA)
25440331	Bishoujo Senshi Sailor Moon SuperS - Zenin Sanka!! Shuyaku Soudatsusen (Japan)
256D4BC4	Best Shot Pro Golf (Japan)
2587652B	Mega Man VI (World) (REV-B) (NES Conversion)
25A55B3B	World Heroes 2 (Japan)
25AD68BF	Rendering Ranger R2 (USA) (Limited Run Games)
25AD7971	Kikuni Masahiko no Jantoushi Doraou (Japan) (Beta)
25C43074	NCAA Basketball (USA) (Beta)
25C69316	Big Sky Trooper (USA)
25C8F98A	Fever Pitch Soccer (Europe) (Beta)
25D214F4	Fire Emblem - Monshou no Nazo (Japan)
25F4A09F	Super Star Wars (USA) (Beta 2)
26177842	True Golf Classics - Wicked 18 (USA)
261E0EA1	Jikkyou World Soccer 2 - Fighting Eleven (Japan) (Beta)
2624F8BD	Imperium (USA)
262CE76B	NBA Hang Time (USA)
263178B2	Lamborghini American Challenge (Europe)
263DAE53	Pro Mahjong Tsuwamono (Japan)
2641C12A	NCAA Football (USA)
2642234D	World League Basketball (Europe)
264816F3	Super Mario Collection (Japan) (Rev 1) (Switch Online)
265AFE97	Super Formation Soccer (Japan)
26664BB4	J.League Super Soccer '95 - Jikkyou Stadium (Japan)
266B220E	Mario Paint (Europe)
266C44ED	Pilotwings (USA)
26849F90	ESPN Sunday Night NFL (USA)
268C1181	Utopia (Japan)
26A050C4	Superman (USA) (Auto Demo)
26A9C3F4	Turbo Toons (Europe)
26B0CEE3	Captain Tsubasa III - Koutei no Chousen (Japan)
26C38EEE	Pagemaster, The (USA)
26C68E4A	Tenchi Souzou (Japan) (Sample)
26C8072E	Hisshou 777 Fighter II - Pachi-Slot Maruhi Jouhou (Japan)
26CA246B	Super Street Fighter II - The New Challengers (Japan)
26E0D862	Kid Klown no Crazy Chase (Japan)
26EF22CB	Super F1 Circus 3 (Japan)
26FAA9C6	Daze Before Christmas (World) (Evercade)
26FB2D11	Go Go Ackman (Japan)
271E1D07	Tactics Ogre - Let Us Cling Together (Japan) (Rev 1)
271E1F3F	Super Puyo Puyo Tsuu (Japan)
272DFC4B	U.F.O. Kamen Yakisoban - Kettler no Kuroi Inbou (Japan)
27325E4D	Magic Sword (USA)
2736B607	Lawnmower Man, The (USA)
2740560B	Haou Taikei Ryuu Knight - Lord of Paladin (Japan) (Rev 1)
2743017D	Benkei Gaiden - Suna no Shou (Japan)
2763FD4F	Daibakushou Jinsei Gekijou - Dokidoki Seishun Hen (Japan)
27716E55	Zombies (Europe) (Virtual Console)
277AD4A1	Super Momotarou Dentetsu II (Japan)
27815B78	Taiketsu!! Brass Numbers (Japan)
2796523E	Idea no Hi (Japan)
27A03C98	Super Game Boy (Japan, USA) (En) (Rev 1)
27AA431C	Super Famista 5 (Japan)
27ADB998	Arcade's Greatest Hits - The Atari Collection 1 (USA) (Beta 2)
27C87D04	HAL's Hole in One Golf (Europe)
27CED447	Oraga Land Shusai - Best Farmer Shuukakusai (Japan) (Beta)
27DDEEC1	Alien Cat 2 (World) (v1.1) (Evercade)
27EB2CF0	Granhistoria - Genshi Sekaiki (Japan) (Rev 1)
27F60E77	Secret of Evermore (Germany)
27FE3FAF	Famicom Bunko - Hajimari no Mori (Japan) (Virtual Console)
27FF5BA1	Aaahh!!! Real Monsters (USA)
281244B0	Cool Spot (Europe)
2820F702	Run Saber (Europe)
282611CD	Paperboy 2 (Europe)
2832C824	Pinocchio (Europe)
2839940E	Nichibutsu Arcade Classics (Japan)
283A57AA	Fighter's History (USA) (Beta)
287F10CC	Demon's Blazon - Makaimura Monshou Hen (Japan)
28897FC6	Unarmed (World) (SNESDEV 2025)
28AC5863	Super Mario World (USA, Europe) (Virtual Console, Classic Mini, Switch Online)
28BD0DBF	Super Chinese World 2 - Uchuuichi Butou Taikai (Japan) (Beta 2)
28C2D764	FIFA - A Caminho Da Copa 98 (Brazil) (En,Fr,De,Es,It,Sv)
28F450AC	Famicom Tantei Club Part II - Ushiro ni Tatsu Shoujo (Japan) (NP)
290107A1	Lemmings 2 - The Tribes (Europe)
2905C3DD	Championship Pool (Europe)
291F2183	Total Carnage (USA) (Beta 3)
29296976	Street Sports - Street Hockey '95 (USA) (Beta)
295AB566	Lethal Weapon (USA) (Arcade)
296720A1	Claymates (World) (Evercade)
299D7A89	Rockman X2 (Japan)
299DF5FE	Darius Twin (Japan)
29A78AF9	ActRaiser (Germany)
29B6A6F0	Super Professional Baseball II (Japan)
29CE8E57	Gojira - Kaijuu Daikessen (Japan)
29E8AC9F	Super Valis IV (USA)
29FBD13D	Barkley Shut Up and Jam! (Europe)
2A059E29	Metroid (World) (REV-E) (NES Conversion)
2A069989	F1 ROC - Race of Champions (USA)
2A075F4B	Congo - The Movie - Secret of Zinj (USA) (Proto)
2A24FC9B	Kirby Bowl (Japan)
2A2CCCF4	Super Mahjong Taikai (Japan)
2A4A53CA	Full Throttle - All-American Racing (USA)
2A5DDAC0	Super Aquatic Games Starring the Aquabats, The (USA)
2A5F8D8F	R-Type III - The Third Lightning (Europe) (Beta)
2A6F930E	Kouryuu Densetsu Villgust - Kieta Shoujo (Japan)
2A8A0B71	Toys - Let the Toy Wars begin! (Europe)
2A8F0E3B	Pinball Fantasies (Europe)
2A9966C0	Soccer Kid (Europe) (En,Fr,De,Es,It)
2AA1DDF8	Super Bomberman 2 - Caravan You Taikenban (Japan)
2AA7777B	Ardy Lightfoot (Japan)
2AB61E76	Nobunaga no Yabou - Tenshouki (Japan) (Rev 1)
2AD6852E	Dead Dance (Japan) (Rev 1) (Switch Online)
2AE148D6	Smurfs, The (Europe) (En,Fr,De,Es,It)
2AE69849	Street Racer (Europe) (Rev 1)
2AEB2054	Goomba BreakOut (World) (v1.4)
2AF15F10	Shadowrun (Europe)
2B0069C0	ESPN Speedworld (USA) (Beta)
2B0E7EA3	Pocky & Rocky (USA)
2B4ECC38	Lord Monarch (Japan) (Rev 1) (NP)
2B50F2AF	New Super Mario Land (World) (v1.5)
2B691DED	Super Noah's Ark 3D (USA) (Piko Interactive)
2B79FAF0	Tetsuwan Atom (Japan)
2B88BEE8	Top Gear 2 (USA)
2B88E48D	Keiba Eight Special 2 (Japan)
2B8BA13B	First Samurai (World) (QUByte Classics)
2B8E81C6	NBA Jam (Europe)
2BA40B80	FrogNES (World)
2BB26C4A	Pirates of Dark Water, The (USA) (Beta)
2BB45263	Stargate (USA) (Beta)
2BCBFF26	Super Family Tennis (Japan)
2BEBDB00	Wolfenstein 3D (USA) (Beta 2)
2BF73F89	From TV Animation Slam Dunk - Yonkyou Gekitotsu!! (Japan) (Rev 1)
2BF7CD65	Dragon Ball Z - Chomutujeon (Korea)
2C0BF77B	Elfaria - A Fantastic Theater (Japan) (Beta)
2C2503A0	Alfred Chicken (Europe) (Beta)
2C4B9492	Imperium (USA) (Beta)
2C4E6B8F	Super Drakkhen (Japan)
2C52C792	Final Fantasy - Mystic Quest (USA) (Rev 1)
2C5DF175	Nosferatu (Japan)
2C680C99	NBA Live 97 (Europe)
2C6CEFE7	Ghoul Patrol (Europe)
2C6EB470	Euro Football Champ (Europe)
2C85EC10	Rokudenashi Blues - Taiketsu! Tokyo Shitennou (Japan)
2C877794	Tamagotch Town (Japan) (NP)
2C9A788F	Futbol Excitante (Peru) (Es) (Pirate)
2CA01B6C	Michael Andretti's Indy Car Challenge (USA) (Sample)
2CA4C8BD	Skuljagger - Revolt of the Westicans (World) (Evercade)
2CAB2502	Metal Slader Glory - Director's Cut (Japan) (NP)
2CBC2F72	Wizap! - Ankoku no Ou (Japan) (Beta)
2CE0C852	Garry Kitchen's Super Battletank - War in the Gulf (USA)
2CE70B92	Famicom Tantei Club Part II - Ushiro ni Tatsu Shoujo (Japan) (Rev 1) (NP)
2CF5094C	Magical Drop 2 (Japan)
2D0B20D0	Super Smash T.V. (USA)
2D0F0F92	Matsukata Hiroki no Super Trolling (Japan)
2D1004F1	Wario's Woods (USA)
2D1DD10A	Blackhawk (Europe) (En,Fr,De)
2D206BF7	Chrono Trigger (USA)
2D25A9E1	Prince of Persia 2 (Europe)
2D391540	Super Dunk Star (Japan) (En)
2D3B9662	Maui Mallard in Cold Shadow (USA)
2D5876FF	Aliens vs. Predator (Japan)
2D5DC011	SimCity 2000 - The Ultimate City Simulator (USA)
2D7D6973	Animaniacs (USA) (Beta)
2D911B58	Iron Commando (World) (v1.1) (Steam)
2D947536	Mega Man 7 (USA)
2DAE6014	Captain Commando (USA) (Capcom Town)
2DB38D24	Star Trek - Starfleet Academy - Starship Bridge Simulator (USA)
2DF22BE6	Mr. Bloopy Saves the World (USA) (Proto 1) (Levels 000)
2DF4AA0F	Populous (USA)
2E35EDBB	Super Game Boy (Japan, USA) (En)
2E47F7D7	Rock N' Roll Racing (USA) (Beta 1)
2E480EEF	Ginga Eiyuu Densetsu (Japan)
2E614A53	Samurai Shodown (USA)
2E70C844	Beauty and the Beast (Europe)
2E8034AB	Addams Family, The (USA)
2E89DB51	Mahjong Sengoku Monogatari (Japan)
2E9985BC	Super International Cricket (Europe) (Beta)
2E9B1463	NHL 95 (USA)
2EA12170	Parlor! Parlor! (Japan)
2EA6B7E8	Donkey Kong Country 2 - Diddy's Kong Quest (Europe) (En,Fr) (Rev 1)
2EA8BA05	Street Fighter Alpha 2 (USA) (Capcom Town)
2EB33785	Donkey Kong Country 2 - Diddy's Kong Quest (Germany) (En,De) (Rev 1)
2EC7C6FE	Mario Is Missing! (France)
2ED0F383	Keeping SNES Alive (World)
2EED70FB	Super High Impact (USA)
2F109101	Street Fighter Alpha 2 (Europe)
2F48FF14	Relief Pitcher (USA)
2F5D822D	Super Dogfight (Japan)
2F6326B1	Brutal - Paws of Fury (Europe) (En,Fr,De)
2F98DB3E	Tecmo Super Baseball (Japan) (En)
2FA40BF4	Spot Goes to Hollywood (USA) (Proto 2)
2FBEEA6E	Picross NP Vol. 8 (Japan) (Rev 1) (NP)
2FC4C8A2	Hi no Ouji - Yamato Takeru (Japan)
2FEC70B6	Shanghai II - Dragon's Eye (USA)
2FEE01AD	SD F-1 Grand Prix (Japan)
2FF51B1D	Zombies Ate My Neighbors (USA) (Virtual Console)
300A1FB1	Jaleco Rally - Big Run - The Supreme 4WD Challenge (Japan) (En) (Rev 1)
303205D8	Super Mario All-Stars and Super Mario World (Europe)
304123C2	Super 3D Baseball (Japan)
3042B049	Operation Thunderbolt (USA)
30478A49	Pac-Man 2 - The New Adventures (France)
304B2610	Fatal Fury 2 (Europe)
304FDB92	Dragon's Lair (Europe) (En,Fr,De,Es,It,Nl,Sv)
3075CB04	Major Title (Europe)
30815962	Dragon View (USA) (Limited Run Games)
30829D8E	Shadowrun (Sweden)
30A73CE4	Cute Angela (World)
30D3A7F4	Sangokushi III (Hong Kong)
30FC693D	Parlor! Mini 2 - Pachinko Jikki Simulation Game (Japan)
3104478A	Super Off Road (Japan) (En)
31197A53	Miyaji Shachou no Pachinko Fan - Shouri Sengen 2 (Japan)
3127C85B	Sylvester and Tweety (USA) (Proto 2)
313B9622	NHL 97 (Europe)
3147AD34	Smash T.V. (Japan) (En)
315AF696	Sporting News, The - Baseball (USA)
31703471	Yogi Bear's Cartoon Capers (Europe)
3172CD4F	Dragon Ball Z - Super Gokuu Den - Kakusei Hen (Japan)
31A1B85A	Demolition Man (Europe)
31AF4172	Pinocchio (Japan) (Beta 2)
31B1AD00	Vortex (USA) (En,Es)
31B2B1B4	Majin Tensei II - Spiral Nemesis (Japan)
31B965DB	Soul Blazer (USA)
31BE696C	Shin Nekketsu Kouha - Kunio-tachi no Banka (Japan)
31CF46D1	Justice League Task Force (USA)
31DAEBB2	Top Racer 2 (Japan) (En)
31DB6CFE	Super R.B.I. Baseball (USA)
31F18DDA	Rockman 7 - Shukumei no Taiketsu! (Japan)
320562C3	Prince of Persia (Europe)
32129967	Derby Jockey 2 (Japan)
3227F1B1	Super Fire Pro Wrestling - Queen's Special (Japan)
323438EB	SD Hiryuu no Ken (Japan)
323A2A3D	Super Loopz (Europe) (Proto)
323C6265	Super Shougi 3 - Kitaihei (Japan)
324B4D54	River City Girls Zero (World) (Es) (Switch)
32633FA6	T2 - The Arcade Game (Europe)
3266FD23	Bust-A-Move (USA)
327416D4	Firepower 2000 (USA)
3276E449	Magic Johnson no Super Slam Dunk (Japan) (En)
3279D719	SD Kidou Senshi Gundam 2 (Japan) (Beta)
3280C18F	Choplifter III - Rescue-Survive (USA) (Beta 1)
3287A32B	Earthworm Jim 2 (Europe) (Beta 2)
329024C7	Super Tetris 3 (Japan) (En)
32A4612F	Oraga Land Shusai - Best Farmer Shuukakusai (Japan)
32A6F518	Heiwa Pachinko World 3 (Japan)
32A810A6	Super Full Metal (Europe) (It,Sv) (Proto)
32B17409	Dragon Ball Z - Super Saiya Densetsu (Japan)
32B658C1	Tony Meola's Sidekicks Soccer (USA)
32C06183	Akumajou Dracula (Japan) (Castlevania Anniversary Collection)
32DD0733	Mickey Mania - The Timeless Adventures of Mickey Mouse (USA) (Beta 2)
32E29079	Derby Stallion II (Japan)
32EA8A0A	Nightmare Busters (Europe) (Proto 2)
32EEA1E9	Mickey to Donald - Magical Adventure 3 (Japan)
3322EFFC	Zelda no Densetsu - Kamigami no Triforce (Japan)
33304519	Dragon Quest VI - Maboroshi no Daichi (Japan)
33374F65	Gokinjo Boukentai (Japan)
3352A27C	Side Pocket (Europe)
335487E5	Jungle Strike (USA)
33C648AA	Legend (World) (QUByte Classics)
33CE298F	Drift King Shutokou Battle '94 - Tsuchiya Keiichi & Bandou Masaaki (Japan)
33FBCD2D	We're Back! - A Dinosaur's Story (Europe)
341C6FB0	Timon & Pumbaa's Jungle Games (USA)
342BF9D0	Mortal Kombat 3 (Europe) (Beta)
342F1C02	Gousou Jinrai Densetsu - Musha (Japan)
3439626B	Gargoyles (USA) (Proto)
343E0DFB	Super Mario - Yoshi Island (Japan)
3447609E	F1-ROC II - Race of Champions (USA)
3449DE71	Pachio-kun Special 3 (Japan)
346E153F	Hunt for Red October, The (Europe)
348BE5CA	Pac-In-Time (Europe)
3495ADF0	Ultraman (Japan)
349D8084	Street Fighter Zero 2 (Japan) (En) (Beta)
34B99A85	SimAnt (Japan)
34DD28A0	Super Star Wars (USA) (Beta 1)
34E53D71	Ghoul Patrol (Europe) (Sample)
34EE7436	Lizard (World)
34F09544	Shin Star Trek - Ooinaru Isan IFD no Nazo o Oe (Japan)
34F2685E	Daibakushou Jinsei Gekijou - Ooedo Nikki (Japan)
34FAD701	Incantation (Europe)
34FF17B3	Pachio-kun Special (Japan)
3502F9B3	RoboCop 3 (USA)
3511EFB3	Jungle Book, The (USA)
3525EBB6	Itadaki Street 2 - Neon Sign ha Barairo Ni (Japan) (Beta)
352EEB38	Super Pinball - Behind the Mask (Japan) (En) (Beta)
355147C2	JRA PAT (Japan) (TJAJ)
3571F873	Parlor! Mini 5 - Pachinko Jikki Simulation Game (Japan)
35A40580	Earthworm Jim 2 (World) (Evercade)
35AAE4EB	Jim Power - The Lost Dimension in 3D (Europe) (Proto)
35B21BBA	From TV Animation Slam Dunk - Yonkyou Gekitotsu!! (Japan)
35E8FB28	Phantom 2040 (USA)
35F3DF22	Unholy Night - The Darkness Hunter (Japan) (En)
35F9EECC	Langrisser, Der (Japan) (Rev 1)
35FCD374	R.P.M. Racing (Japan) (En)
360243E4	Doom (Europe)
362620D2	Blues Brothers, The (Japan) (En)
364087E5	Street Fighter II Turbo (Japan)
3644CACC	Super Pang (Europe)
364E68BB	Micro Machines (USA)
366C84F3	Sugoro Quest++ - Dicenics (Japan)
366D9177	Rayman (Europe) (Proto)
36768B55	Derby Stallion III (Japan) (Rev 3)
36894CC3	Shadow, The (USA) (Proto 2)
36B5A429	Incredible Hulk, The (USA)
36C23F9A	Crayon Shin-chan - Arashi o Yobu Enji (Japan)
36D08B33	Teenage Mutant Ninja Turtles - Tournament Fighters (USA) (The Cowabunga Collection)
36F2E422	Super C (World) (REV-A) (NES Conversion)
36F6378F	Super Nichibutsu Mahjong 2 - Zenkoku Seiha Hen (Japan)
36FF7DAB	Seifuku Densetsu - Pretty Fighter (Japan) (Beta)
370F5308	Lion King, The (USA) (Beta 3)
37182BA7	Super Widget (USA) (Beta)
372AF410	Teenage Mutant Ninja Turtles IV - Turtles in Time (USA) (The Cowabunga Collection)
37322CC5	Incredible Hulk, The (USA) (Beta)
373402CB	Jurassic Park II - The Chaos Continues (USA) (En,Fr,De,It) (Beta)
3753682F	Star Fox 2 (Japan) (Classic Mini, Switch Online)
3753E4B6	Primal Rage (USA)
3758068A	Zoop (USA) (Beta)
3769DAA8	Super Shougi (Japan)
378613B0	Alien 3 (Europe)
379645BD	Zen-Nihon Pro Wres - Fight da Pon! (Japan)
37972B53	Ganbare Goemon 2 - Kiteretsu Shougun McGuiness (Japan) (Virtual Console)
37A3F5D2	Dragon View (World) (Evercade)
37AB70E5	Dokuritsu Sensou - Liberty or Death (Japan)
37C0AE76	Takahashi Meijin no Daibouken-jima (Japan) (En)
37C2EC0C	Solstice II (Japan) (Beta)
37C36FDC	Jikkyou World Soccer - Perfect Eleven (Japan)
37C89424	Ms. Pac-Man (Europe)
37D8AC57	Kawasaki Caribbean Challenge (USA)
37FE8126	Paladin's Quest (USA)
380C2635	Stunt Race FX (USA) (Rev 1)
380D91FE	Lufia (Netherlands)
3836A202	Snoopy Concert (Japan)
383858C7	Uniracers (USA)
383BC5D5	Super Bowling (Japan) (En)
383FACE4	Takeda Nobuhiro no Super League Soccer (Japan)
3847CF64	Mr. Do! (Japan) (En)
385E4860	Super Nichibutsu Mahjong 4 - Kisokenkyuu Hen (Japan)
388F6DAA	Super Morph (Europe)
389300CF	Power Rangers Zeo - Battle Racers (USA)
389361E9	Chaos Drop (Europe) (Proto 3)
389507BD	Power Drive (USA) (En,Fr,De,Es,Pt) (Proto)
38C9626C	Mario Paint (Japan, USA) (En)
38CD6BB0	Tiny Toon Adventures - Buster Busts Loose! (Europe)
390C4524	Demon's Blazon - Makaimura Monshou Hen (Japan) (Switch Online)
392AE185	Jungle Book, The (Europe)
393CCCA2	Umihara Kawase (Japan)
393DE197	Earthworm Jim 2 (USA)
3940D046	Mother 2 - Gyiyg no Gyakushuu (Japan) (Virtual Console)
395BADE3	Aretha (Japan)
396203A2	Rockman X3 (Japan) (Beta 3)
39942E05	Zan II Spirits (Japan)
399669F2	Monsters (Europe) (Beta)
39A0C010	Oekaki Logic (Japan) (NP)
39CA5291	Daikaijuu Monogatari (Japan)
39F11CB4	Top Racer Crossroads (World) (QUByte Classics)
39FBAA1E	Power Soukoban (Japan)
3A1091A2	Ultima Gaiden - Kuro Kishi no Inbou (Japan)
3A2B6167	Joe & Mac (USA)
3A2EF78B	Star Fox 2 (USA) (Beta 3)
3A426A4A	Reverse Kids (Japan)
3A4A47EB	Earthworm Jim (USA)
3A4C0DE6	NFL Quarterback Club 96 (Japan) (En)
3A571132	Claymates (Europe)
3A589B8E	Juusou Kihei Valken (World) (Ja) (Switch)
3A78FCD2	Super Daikoukai Jidai (Japan) (Rev 1)
3A7E8215	Super Turrican (USA)
3A92DB1A	Sangokushi IV (Japan)
3AA01DBD	Lost Vikings 2 (USA)
3AA42970	Return of Double Dragon (World) (v1.1) (Evercade)
3ABAB85B	Super Strike Eagle (Europe) (En,Fr,De,Es,It)
3ADDBA0B	Super Puyo Puyo (Japan) (Rev 2)
3ADEF543	Super Donkey Kong (Japan) (Rev 1)
3AEE8812	Big Ichigeki! Pachi-Slot Daikouryaku 2 - Universal Collection (Japan)
3AF7C64A	Classic Road (Japan)
3B018618	Super Stadium (Japan)
3B01D0A3	BlaZeon - The Bio-Cyborg Challenge (USA)
3B08C5F3	Final Fight (USA) (Virtual Console)
3B73610E	Barbie - Super Model (USA)
3B8B953F	Koutetsu no Kishi 3 - Gekitotsu Europe Sensen (Japan) (Rev 1)
3B94B032	Pocky & Rocky 2 (USA) (Beta)
3BA30CC5	Shougi Zanmai (Japan)
3BA3C38B	Super Shougi (Japan) (Rev 1)
3BB07105	Troddlers (Europe) (Beta 1)
3BB679D9	World Class Rugby (Japan) (En)
3BBAEB19	Super Bomberman 4 (Japan)
3BBDF518	Honke Sankyo Fever - Jikki Simulation (Japan)
3BC037B6	Ninjawarriors Again, The (Japan)
3BC3D913	Magical Quest Starring Mickey Mouse, The (Italy)
3BC7054A	Tetris 2 (USA) (Rev 1)
3BCB5D70	Super Pinball - Behind the Mask (Europe)
3C1037C1	Harvest Moon (Germany)
3C10DAF1	Zool - Ninja of the 'Nth' Dimension (USA)
3C169224	NBA Jam - Tournament Edition (Japan) (En)
3C2908B0	Final Fight 3 (USA) (Virtual Console)
3C2DB2BD	ActRaiser (USA) (Beta)
3C2E08AE	Hoshi no Kirby Super Deluxe (Japan) (Rev 2) (Hoshi no Kirby - 20 Shuunen Special Collection)
3C346D8B	Darius Force (World) (Darius Cozmic Collection)
3C368342	Gods (USA) (Beta)
3C3C2562	Super Buster Bros. (USA) (Rev 1) (Beta)
3C3C63E6	New Horizons (USA)
3C41070F	Super Mario World (Europe)
3C42A7B6	Pagemaster, The (Europe)
3C49A285	Lost Vikings II, The - Norse by Norsewest (Europe) (En,Fr,De)
3C49C39C	Mega Man X2 (Europe)
3C6A8DC8	Zero4 Champ RR-Z (Japan)
3C948EA6	Lethal Enforcers (Japan)
3CA24E99	Pinocchio (Europe) (Beta 2)
3CBC264F	ActRaiser 2 - Chinmoku e no Seisen (Japan)
3CC7FDF4	Tenchi Souzou (Japan)
3CCBA79C	Smash Tennis (Europe) (Beta)
3CCEED49	Treasure Hunter G (Japan)
3CE00F85	Tarot Mystery (Japan)
3CFE77AB	Smart Ball (USA)
3D005F22	Tommy Moe's Winter Extreme - Skiing and Snowboarding (USA)
3D09832A	Trials of Mana (World) (Fr) (Rev 1) (Collection of Mana)
3D0C8974	Out to Lunch (USA)
3D0D6FDC	Dimension-Force (Japan) (En)
3D17F6EA	Fighter's History (USA) (Rev 1)
3D1B4C77	Super Dany (France) (Beta)
3D2352EA	Hammerlock Wrestling (USA)
3D34FC7E	Turbo Toons (USA) (Proto)
3D35D085	Isozuri - Ritou Hen (Japan)
3D456EED	Shougi Fuurinkazan (Japan)
3D4BC494	Super Street Fighter II (USA) (Rev 1)
3D7252D4	Killer Instinct (Europe)
3D8993B2	ActRaiser (Japan) (Virtual Console)
3DA108C4	Angelique - Premium Box (Japan)
3DA9BB8C	Nishijin Pachinko Monogatari 2 (Japan)
3DADD536	Mr. Nutz (Japan) (En)
3DBDFDBF	Star Ocean (Japan)
3DC6F2EC	Final Fight (Japan) (Virtual Console)
3DDC7489	SD Kidou Senshi Gundam 2 (Japan)
3DEE6FD9	Jurassic Park (Spain)
3DF04E29	Super Mahjong (Japan)
3DFE85B3	Tecmo Super NBA Basketball (Japan) (En)
3E0038BF	WWF Raw (USA)
3E04B246	Captain Tsubasa IV - Pro no Rival-tachi (Japan)
3E14376B	PowerMonger - Mashou no Bouryaku (Japan)
3E3073CE	Jetsons, The - Invasion of the Planet Pirates (USA)
3E50C7C2	Densetsu no Ogre Battle - The March of the Black Queen (Japan) (NP)
3E631524	Super E.D.F. (Japan) (En)
3E7B51E0	Flintstones, The (USA) (En,Fr,De,Es,It)
3E828E49	Darius Force (Japan) (En)
3E88E883	Gekitotsu Dangan Jidousha Kessen - Battle Mobile (Japan) (En)
3EAA5697	Donkey Kong Country (USA) (Rev 1)
3ED21333	Olympic Summer Games (Europe)
3EE1B2D2	Garou Densetsu 2 - Aratanaru Tatakai (Japan) (Rev 1)
3EE3E840	Jurassic Park (Italy)
3EE9B136	Incredible Crash Dummies, The (Europe)
3EEEA766	Home Alone (Europe)
3EFFA0F5	Fatal Fury Special (Europe) (Beta)
3EFFC9E5	Super Slam Dunk (USA)
3F0343A7	Rap Basketball (USA) (Proto)
3F09A8D9	Sougou Kakutougi Rings - Astral Bout 3 (Japan)
3F18D0CC	Koushien 3 (Japan)
3F34DFF0	Shadowrun (USA)
3F3A7180	Bubsy in Claws Encounters of the Furred Kind (USA) (Beta 2)
3F5AEB53	Kamen Rider (Japan) (Rev 1)
3F654414	We're Back! - A Dinosaur's Story (USA)
3F83F67C	Spriggan Powered (Japan)
3FAB702D	Picross NP Vol. 7 (Japan) (NP)
3FE1854A	Ranma 1-2 (France)
40019293	Ryuuko no Ken 2 (Japan)
40242231	X-Men vs. Street Fighter (USA) (Pirate)
403AC1C6	Shinseiki GPX - Cyber Formula (Japan)
403C692D	Super Slap Shot (Japan) (En)
403DB46B	Utopia - The Creation of a Nation (USA) (Beta 2)
404638D0	Super Chinese World 2 - Uchuuichi Butou Taikai (Japan) (Beta 1)
404BEC17	Earth Defense Force (Europe)
4062244B	Might and Magic II (Europe)
40685B41	Rock N' Roll Racing (USA) (Beta 2)
407C5C24	Dragon - The Bruce Lee Story (USA)
40946E9B	Star Fox 2 (Japan) (Beta 2)
4097BC01	Doraemon 4 - Nobita to Tsuki no Oukoku (Japan)
40B0C585	Nigel Mansell F-1 Challenge (Japan)
40B7A858	MechWarrior (USA)
40C95DB4	Street Fighter II (USA) (Beta)
40CA49AE	True Lies (USA)
40D11C94	Sparkster (USA)
410CEE18	Brawl Brothers - Rival Turf! 2 (Europe)
410D9F0A	Super!! Pachinko (Japan)
411F4D0A	Sprinter Monogatari - Mezase!! Ikkakusenkin (Japan)
41736E7E	Lord Monarch (Japan)
41965122	Mega Man X (Europe)
41A60B3F	Star Fox (Japan)
41A933A6	Thunder Spirits (Japan) (En)
41ADF18F	Tsukikomori (Japan)
41CAE05B	Ms. Pac-Man (USA) (Beta)
41D59381	Astrohawk (World) (Beta)
41DFFE15	Nomark Baku Haitou - Shijou Saikyou no Janshi-tachi (Japan)
41E9CD70	Eien no Filerna (Japan)
41F92E6F	Super Keiba (Japan)
41FDBA82	Sid Meier's Civilization (USA)
42014B93	Jungle Wars 2 - Kodai Mahou Atimos no Nazo (Japan)
420BD975	Super Probotector - Alien Rebels (Europe)
42198D27	Saibara Rieko no Mahjong Hourouki (Japan)
421D2C18	Tecmo Secret of the Stars (USA) (Beta)
42212A77	NHL '94 (USA)
42275E73	Starwing (Germany) (Beta)
42299CEA	Wing Commander (Japan)
424588AA	Tekken 2 (USA) (Pirate)
426881A3	Gon (Japan) (En)
426FC1A3	Shinri Game 2, The - Magical Trip (Japan)
42C25AC1	David Crane's Amazing Tennis (Europe)
42D0C418	Cu-On-Pa SFC (Japan)
42D47034	XBAND (Japan)
42E3774E	Legend (USA) (Beta)
42EBE9C1	Incredible Crash Dummies, The (USA) (Beta)
42F98E71	Batman Returns (Europe)
42FE51E1	Monopoly (Japan)
42FF4F08	Hurricanes (USA)
42FFD2D5	Shimono Masaki no Fishing to Bassing (Japan)
4328BD1B	Boogerman - A Pick and Flick Adventure (Europe)
43373AEE	Hoshi no Kirby 3 (Japan)
433C410E	Shadowrun (USA) (Beta 1)
435EC942	Honoo no Toukyuuji - Dodge Danpei (Japan) (Beta)
4390D719	Lady Stalker - Kako kara no Chousen (Japan)
4396A35B	Metal Max Returns (Japan)
439B3632	Rockman X2 (Japan) (Beta 1)
43B1AAD9	Ugoku E Ver. 2.0 - Aryol (Japan) (En,Ja)
43B2590D	Gambling Hourouki (Japan)
43B270B8	Prehistorik Man (World)
43C0E122	Shinri Game 2, The - Magical Trip (Japan) (Rev 1)
43D3F2B2	Battle Dodge Ball II (Japan)
43F1C013	NBA Jam (USA)
4400D798	Zelda no Densetsu - Kamigami no Triforce (Japan) (Rev 1)
44018650	Cyber Spin (USA)
440A4250	Extra Innings (USA)
4424F545	MazezaM (World) (Proto 1)
442C47CB	Super Soccer (Europe)
44375368	Pac-In-Time (USA)
444A52C1	Bubsy in - Claws Encounters of the Furred Kind (USA)
444C9962	GS Mikami - Joreishi wa Nice Body (Japan)
4459D4D0	Mini Yonku Let's & Go!! - Power WGP 2 (Japan)
44660632	Mega Man (World) (REV-E) (NES Conversion)
448E3712	Fortune Quest - Dice o Korogase (Japan)
448EEC19	Donkey Kong Country 3 - Dixie Kong's Double Trouble! (USA) (En,Fr)
44A0DE9C	Pro Football '93 (Japan)
44A524DE	Total Carnage (USA) (Beta 1)
44A9DB5C	Mega-lo-Mania (Europe) (En,Fr,De) (Beta)
44E60E58	Cool Spot (USA)
44FF6E78	Aladdin (Europe)
451E4708	SimCity (Germany)
4528FEDB	Sure Instinct (World) (v1.0.1)
4536A273	Porky Pig's Haunted Holiday (USA) (Beta 1) (Introes)
453BD625	Mickey no Magical Adventure (Japan) (Rev 1)
454D7DCD	Ryuukiheidan Dunzarv (Japan)
456AB5C8	Captain America and the Avengers (USA)
456F3CBF	Incognity - A Rover Story (World) (v0.9.0)
457F3020	Jissen! Mahjong Shinan (Japan)
45874D3D	Hercules (USA) (Pirate)
458C473B	Ganbare Goemon 3 - Shishi Juurokubee no Karakuri Manjigatame (Japan) (Rev 1)
4590AE9D	Super Bomberman 5 - Caravan Event Ban (Japan)
45913E52	Super Metroid (USA, Europe) (En,Ja) (Virtual Console, Classic Mini, Switch Online)
45A4D2FD	Breath of Fire (USA) (Capcom Town)
45A7328F	Mystic Quest Legend (Europe)
45C0F127	Bugs Bunny - Rabbit Rampage (USA) (Beta)
45C2F934	Shanghai II - Dragon's Eye (Europe)
45EF5AC8	Final Fantasy VI (Japan)
45EFC616	Run Saber (USA) (Beta 1)
45F2DAB9	International Tennis Tour (Japan) (En)
46043454	Battle Cars (USA)
46079C0F	Super Donkey Kong 2 - Dixie & Diddy (Japan) (Rev 1)
460B0A60	Mighty Morphin Power Rangers - The Fighting Edition (USA)
460DEF25	Super Nova (USA)
4620AAAF	Snoopy Concert (Japan) (Beta)
4620C386	Yam Yam (Japan)
46239D31	Super Momotarou Dentetsu DX (Japan) (JR Nishi-Nihon Presents)
46272B03	Donkey Kong Country 2 - Diddy's Kong Quest (USA) (En,Fr) (Rev 1) (Virtual Console)
4640D1A2	Heian Fuuunden (Japan)
464DDC2A	Nigel Mansell's World Championship Racing (Europe) (Beta)
4655C894	Sensible Soccer - European Champions (Europe) (En,Fr,De,It) (Beta)
465C4E1C	DSP1 B (World) (Enhancement Chip)
4664FF26	Jissen! Pachi-Slot Hisshouhou! (Japan)
4674E469	Super Dunk Shot (Japan) (En)
468D8CDD	Bill Laimbeer's Combat Basketball (USA)
46937E50	Final Fight (Europe) (Virtual Console)
469F10BD	Porky Pig's Haunted Holiday (USA) (Beta 6)
46ACFC84	Holy Striker (Japan)
46B9F6D3	Mahoujin Guruguru (Japan)
46CA01A9	Albert Odyssey (Japan)
46F29066	Albert Odyssey (Japan) (Rev 1)
46F6904B	Death and Return of Superman, The (USA) (Beta)
470EABE5	FIFA 97 (Europe) (En,Fr,De,Es,It,Sv)
471B12B0	Williams Arcade's Greatest Hits (USA)
4737370B	Majuu Ou (Japan)
473DB113	Irem Skins Game, The (USA) (Arcade)
4740C9E4	Tenchi o Kurau - Sangokushi Gunyuuden (Japan)
47453477	Human Grand Prix IV - F1 Dream Battle (Japan) (En)
47760381	Legend of Zelda, The - A Link to the Past (Canada) (Fr)
47ABB4DF	Nice de Shot (Japan)
47D2D319	Star Fox 2 (Japan) (Beta 11)
47E09FEC	Tekichuu Keiba Juku (Japan)
47E900BF	SpellCraft - Aspects of Valor (USA) (Proto 1)
47EC317E	Chou Gojira (Japan) (Rev 1)
4808E2B2	Logos Panic Goaisatsu (Japan)
48096D5F	Hoshi no Kirby 3 (Japan) (Hoshi no Kirby - 20 Shuunen Special Collection)
480B043A	Mario's Early Years - Fun with Letters (USA)
48164725	Jim Power - The Lost Dimension in 3D (World) (Piko Interactive) (Enhanced)
4824A630	Marko's Magic Football (Europe) (En,Fr,De,Es)
4833C585	Zootto Mahjong! (Japan) (Rev 1) (NP)
48344DCB	Super Castlevania IV (USA) (Castlevania Anniversary Collection)
48529FB3	Super Keiba 2 (Japan)
4853F92B	Soccer Kid (World) (En,Fr,De,Es,It) (GOG)
489B7690	Joe & Mac 3 - Lost in the Tropics (Europe) (En,Fr,De) (Beta)
48CE1853	DuckTales (World) (REV-G) (NES Conversion)
48D54B58	Final Fight 2 (USA) (Virtual Console)
48E8594B	Super Street Fighter II - The New Challengers (Japan) (Virtual Console)
48E9887F	Zero4 Champ RR (Japan)
48EECCB3	Cyborg 009 (Japan) (Beta)
48F15B03	Battletoads in Battlemaniacs (Japan)
48F43270	Porky Pig's Haunted Holiday (USA) (Beta 4)
4901F718	ActRaiser 2 (USA)
491B0BCD	Power Piggs of the Dark Age (World) (Evercade)
4937A4F6	Taz-Mania (Europe)
493FDB13	Top Gear 3000 (Europe)
49601821	Super Loopz (Japan) (En)
49627238	International Superstar Soccer (USA)
4967E667	Batman Forever (USA) (Beta 2)
49728D27	Castlevania - Dracula X (USA) (Castlevania Advance Collection)
497D7C95	Chou Makai Taisen! Dorabocchan (Japan)
4998A9D6	Super Okumanchouja Game (Japan)
49A36518	Last Super, The (World)
49AD3F9C	Brutal - Paws of Fury (USA) (Beta)
49B60293	Katou Hifumi Kudan - Shougi Club (Japan)
49C4CC15	Laplace no Ma (Japan)
49DA3583	Nobunaga's Ambition (USA)
49DA572F	Bubsy in Claws Encounters of the Furred Kind (USA) (Beta 1)
49DBFF84	Tokoro's Mahjong (Japan)
49E53877	Super Copa (USA) (Es,Pt)
49FBD64E	Wing Commander (Germany) (Rev 1)
4A0C88AD	Super Volley II (Japan)
4A0E225F	Mighty Max (USA) (Beta)
4A25D0C8	Skyblazer (Europe)
4A4C657E	Street Combat (Europe) (Possible Proto)
4A5263DB	Cyborg 009 (Japan)
4A55CFB8	SM Choukyoushi Hitomi Vol. 2 (Japan)
4A5B12CE	Hissatsu Pachinko Collection 2 (Japan)
4A5F30D8	Super Star Wars - Return of the Jedi (USA) (Rev 1)
4A62057D	Blues Brothers, The (Europe)
4A653411	Shin Momotarou Densetsu (Japan) (Rev 1)
4A736C38	Accele Brid (Japan)
4AA7F384	Granhistoria - Genshi Sekaiki (Japan)
4AAFA462	Goof Troop (USA)
4AC5623D	Super Igo - Go Ou (Japan)
4AE93C10	Super Tetris 2 + Bombliss (Japan) (En) (Rev 1)
4AEE5ABB	Bishoujo Senshi Sailor Moon R (Japan)
4AEF99F3	Dragon's Lair (Europe) (Beta)
4B0C7993	Madden NFL 95 (Europe)
4B0F970B	Tetsuwan Atom (Japan) (Beta)
4B17A200	Dream Maze - Kigurumi Daibouken (Japan)
4B181E80	D-Force (USA) (Beta)
4B1CB41A	Super Bug Hunters (World) (SNESDEV 2025)
4B280DFA	SM Choukyoushi Hitomi Vol. 2 Remix (Japan)
4B32C8AA	Oekaki Logic 2 (Japan) (NP)
4B4D87F5	Super Jinsei Game 2 (Japan) (Rev 1)
4B4DB6D7	Bahamut Lagoon (Japan) (Virtual Console)
4B955941	Sengoku no Hasha - Tenkafubu e no Michi (Japan)
4BD8902B	Final Fantasy III (USA) (Beta)
4BD8E60B	Illusion of Time (Germany) (Rev 1)
4BE6CF7A	Manchester United Championship Soccer (Europe) (Beta)
4C1B8801	Habu Meijin no Omoshiro Shougi (Japan)
4C2BEA69	Shiki Eiyuuden (Japan)
4C3814D5	Might and Magic III - Isles of Terra (USA) (Beta)
4C4782B5	Pirates of Dark Water, The (Europe)
4C4BC223	Parame ROM Cassette Vol. 1 (Japan)
4C4E5F4A	Math Blaster - Episode 1 (USA)
4C545A02	Jack Nicklaus Golf (France)
4C68A3C7	Rocketeer, The (USA)
4C68C5CF	Spider-Man - Venom - Maximum Carnage (Europe)
4C78D04A	Madden NFL 96 (USA) (Sample)
4C78D5EE	Sangokushi Eiketsuden (Japan)
4C794A4D	Donkey Kong Country 2 - Diddy's Kong Quest (Germany) (En,De)
4C922F36	Pinball Dreams (Europe)
4C9A5E89	Ultimate Football (Japan) (En)
4CA1696F	Aqutallion (Japan)
4CA1A3B2	Road Riot 4WD (USA) (Beta)
4CAB21DB	Final Fight (USA)
4CBB22DF	Sanrio Shanghai (Japan)
4CC4F40C	Spark World (Japan)
4CCC3651	MechWarrior 3050 (Europe)
4CD45939	Daisenryaku Expert WWII - War in Europe (Japan)
4CE25297	Toride (Japan)
4CE26787	Desert Strike - Return to the Gulf (USA)
4CE2B818	Inspector Gadget (USA)
4CF5D45F	Al Unser Jr.'s Road to the Top (Europe)
4D014C20	Chrono Trigger (Japan)
4D098C5C	Gambler Jiko Chuushinha 2 - Dorapon Quest (Japan)
4D1352AD	Beethoven - The Ultimate Canine Caper! (Europe)
4D2CE16F	G.O.D - Mezame yo to Yobu Koe ga Kikoe (Japan)
4D5329F2	Ikari no Yousai (Japan)
4D56B5C3	Timecop (Japan)
4D5DA64F	Elfaria II - The Quest of the Meld (Japan)
4D66B5D7	Super SWIV (Japan) (En) (Beta 1)
4D671E51	Zaitaku Touhyou System - SPAT4 Cassette (Japan) (TOAJ)
4D6B6C80	Higashio Osamu Kanshuu Super Pro Yakyuu Stadium (Japan)
4D7B39CD	Lord of Darkness (USA)
4D7C512F	Time Trax (Europe)
4D88489F	Magical Drop 2 (World) (Evercade)
4D93E5B5	Super Game Boy (Japan, USA) (En) (Beta 1)
4DA05714	Frantic Flea (Europe) (Beta)
4DA4A34F	Carrier Aces (Europe)
4DC3D903	SD Gundam GX (Japan)
4DD56E5E	Chou Makaimura (Japan) (Virtual Console, Switch Online)
4DD73CBA	Shin Megami Tensei if... (Japan)
4DFA05B3	Cybernator (USA)
4DFB9072	Super Fire Pro Wrestling III - Final Bout (Japan)
4DFF06FF	Utopia - The Creation of a Nation (USA) (Beta 1)
4E1DAFD0	Todd McFarlane's Spawn - The Video Game (USA)
4E2D90F4	Donkey Kong Country 2 - Diddy's Kong Quest (USA) (En,Fr) (Rev 1)
4E62D6BF	Wolverine - Adamantium Rage (USA)
4E6AF725	Mortal Kombat 3 (USA)
4E872C8B	Super R-Type (Japan) (En)
4E8B2ECB	Biker Mice from Mars (USA)
4EA9F93F	Steel Talons (USA)
4EBED2E2	WWF WrestleMania - The Arcade Game (USA) (Beta) (Club Nintendo)
4EC91D9C	Marvel Super Heroes - War of the Gems (Japan) (Beta)
4ED29F52	Shinri Game, The - Akuma no Kokoroji (Japan)
4EDC8F35	Pocky & Rocky (USA) (Beta)
4EE4DE37	Super Kick Boxing - Best of the Best (Japan) (En)
4EE705AB	Lost Vikings, The (Germany)
4EE9EE99	Castlevania - Vampire's Kiss (Europe)
4EF452F6	Jerry Boy (Japan)
4F02A304	X-Men - Mutant Apocalypse (Japan)
4F085456	Humans, The (World) (QUByte Classics)
4F0A1E2A	First Samurai (USA)
4F0B96FA	Super Final Match Tennis (Japan)
4F429DAC	Wild Guns (Japan) (Beta 1)
4F453A21	Hanafuda Ou (Japan)
4F560DCA	Pachinko Fan - Shouri Sengen (Japan)
4F593C46	B.O.B. (USA)
4F613F9D	Mortal Kombat (Europe) (Rev 2)
4F659FD5	Fireteam Rogue (USA) (Proto 2)
4F660972	Digimon Adventure (USA) (Pirate)
4F72AA8C	NHL 97 (USA) (Rev 1)
4F914049	Mega Man IV (World) (REV-G) (NES Conversion)
4F92F83C	Super Pinball - Behind the Mask (Japan) (En)
4F961F70	Earthworm Jim 2 (Europe)
4FA1D452	FIFA International Soccer (Japan)
4FA380A4	King of Rally, The - Paris-Moscow-Beijing (Japan)
4FA5FC25	Song Master (Japan)
4FD164D8	Super Soccer (USA)
4FE6077A	Goof Troop (France)
4FFD52A0	Wondrous Magic (Japan)
4FFDC221	Spindizzy Worlds (Europe)
500F57D3	NBA Live 95 (Japan)
50224767	Justice League Task Force (USA) (Beta)
50278B21	Front Mission (Japan) (Rev 1)
50300F58	Frank Thomas Big Hurt Baseball (Europe)
503B5B86	Ring ni Kakero (Japan) (NP)
503D467A	MechWarrior (Germany)
50422852	Tom and Jerry (USA) (Beta 1)
5047E0D4	Rockman & Forte (Japan)
50581D9D	Prince of Persia 2 (USA)
5065B197	Radical Rex (Europe)
506A8F77	Asahi Shinbun Rensai - Katou Hifumi Kudan Shougi - Shingiryuu (Japan)
50AD3FE8	On the Ball (USA)
50E09E71	Ballz 3D - Fighting at Its Ballziest (USA) (Beta)
50F2D1BC	Super Donkey Kong (Japan)
50FEF979	Viking no Daimeiwaku (Japan)
5115B8E5	NBA Live 97 (USA)
51177158	Magical Drop (Japan)
51227E94	Shounin yo, Taishi o Idake!! (Japan)
5147B442	Troy Aikman NFL Football (Europe)
514BFCB5	NBA Live 98 (USA)
5194F1F3	Syvalion (Europe) (Beta)
51A1FE86	Madden NFL 96 (USA)
51A5F489	Ardy Lightfoot (USA)
51A7D63C	Magical Quest Starring Mickey Mouse, The (Europe)
51BC2909	Doraemon - Nobita to Yousei no Kuni (Japan)
51BFA576	Samurai Spirits (Japan) (Beta)
51C0F57B	Side Pocket (World) (Evercade)
51C8A0EB	Pac-Man 2 - The New Adventures (Europe)
51E3D566	Lemmings (USA) (Rev 1)
51E8A19C	Vortex - The FX Robot Battle (Japan) (En,Ja)
51FC2638	Breath of Fire (USA, Europe) (Switch Online)
52018C77	Star Fox 2 (Japan) (Beta 3)
522FE837	Thunder Spirits (USA)
523B0D02	Romance of the Three Kingdoms III - Dragon of Destiny (USA)
523E4153	Tetris & Dr. Mario (Europe)
524BEA63	Street Fighter V (USA) (Pirate)
525C5CD5	NHLPA Hockey 93 (USA) (Rev 1)
525FFB26	Derby Stallion 98 (Japan) (NP)
526CE576	Stargate (USA)
526F3A3E	Mighty Max (USA) (Auto Demo)
528373AF	Whizz (USA) (Beta)
5283E505	Barbarossa (Japan)
528B029B	Bugs Bunny - Hachamecha Daibouken (Japan)
52916C9D	Shaq-Fu (USA)
52948F3C	Yoshi no Road Hunting (Japan)
5299B3A6	Marmalade Boy (Japan)
52ADA404	Sunset Riders (USA)
52B0D84B	Bananas de Pijamas (Peru) (En) (Pirate)
52B68163	Spindizzy Worlds (USA)
52DF0E2F	Shichuusuimei-gaku Nyuumon - Shin Tougenkyou (Japan)
52E4DC92	Brunswick World - Tournament of Champions (USA)
52FC7228	Dragon Knight 4 (Japan)
52FDFAB4	Aladdin (USA) (Beta)
52FE16FD	Super Adventure Island II (USA)
52FFF0BF	Super Chinese World (Japan)
531463E1	Top Gear 2 (Europe)
5316DD26	Battle Soccer 2 (Japan)
53193B87	Super Casino - Caesars Palace (Japan) (Rev 1)
53206326	Honke Hanafuda (Japan)
534824F0	Shiroi Ring e - Twinkle Little Star (Japan)
534AE12E	F-1 Grand Prix - Part II (Japan)
534DF838	Trials of Mana (World) (De) (Rev 1) (Collection of Mana)
53524952	Mickey's Playtown Adventure - A Day of Discovery! (USA) (Proto)
53554D5E	Zig Zag Cat - Dachou Club mo Oosawagi da (Japan)
535CCCAC	Yu Yu Hakusho - Tokubetsu Hen (Japan)
538717B4	Tecmo Super NBA Basketball (Japan) (En) (Rev 1)
5397D5BC	Zero the Kamikaze Squirrel (USA)
5399BDDB	Romancing Sa-Ga 3 (Japan)
53AC5727	Armored Police - Metal Jack (USA) (Proto 1)
53CE0546	Izzy's Quest for the Olympic Rings (USA) (Beta)
53D0DD63	Super Game Boy 2 SGB2-CPU (Japan) (Enhancement Chip)
53D29A71	Flintstones, The - The Treasure of Sierra Madrock (Japan)
53D8410E	BioMetal (USA)
53DFF1BB	Mr. Tuff (Europe) (En,Fr,De) (Proto 1)
53F03DB9	Honkaku Mahjong - Tetsuman (Japan)
53F2C71B	Street Racer (World) (Evercade)
53FB163B	Slap Stick (Japan)
5409D4F4	Zen-Nihon GT Senshuken - Hyper Battle Game (Japan)
5415B5E9	Majin Tensei (Japan) (Rev 2)
54161830	Saturday Night Slam Masters (USA)
54302A46	Aerobiz (USA)
54370191	Soul Blazer (Europe)
543F3327	Inindo - Way of the Ninja (USA)
5441F25B	Sonic Blast Man (Europe)
546062C7	Nigel Mansell IndyCar (Japan) (En)
54740B9B	Suzuka 8 Hours (USA)
547CF7B9	Wizardry V - Saika no Chuushin (Japan) (En,Ja)
54833287	Super Gomoku Shougi - Jouseki Kenkyuu Hen (Japan)
54901522	Battle Pinball (Japan)
549A163E	Congo's Caper (Europe)
549D03CA	Mr. Nutz (USA) (En,Fr) (Beta 2)
54A585BC	Romancing Sa-Ga 2 (Japan)
54AEC111	Undake 30 - Same Game Daisakusen - Mario Version (Japan)
54E92C91	Parlor! Mini 7 - Pachinko Jikki Simulation Game (Japan)
54F5E6D4	Super Mario Kart (USA) (Beta)
5505B0FE	Nightmare Busters (Europe) (Proto 1)
5519AF34	Ghoul Patrol (Japan)
55219CA3	Kiteretsu Daihyakka - Choujikuu Sugoroku (Japan)
5527071E	Super Mario RPG (Japan)
552BF16A	Chester Cheetah - Too Cool to Fool (USA)
552C95D4	Hungry Dinosaurs (Europe) (Beta)
554FC152	Fire Fighting (Japan)
55558173	Super Off Road - The Baja (USA) (Beta)
5556C5C9	Street Fighter II (Japan)
55581328	Oonita Atsushi FMW (Japan) (Beta)
5577DE70	Armored Police - Metal Jack (Japan)
557B8DB1	Xak - The Art of Visual Stage (Japan)
557E987E	Addams Family Values (USA) (Beta)
557FE962	Chester Cheetah - Wild Wild Quest (USA)
5584641E	Rockman X (Japan) (Rev 1)
558AAB4E	Super Mario Bros. (World) (REV-A) (NES Conversion)
55938E4E	SNSP Aging Ver 1.02 (Japan) (En)
55964905	Cool Spot (Japan)
559C7CF5	Jurassic Park (Japan)
55B93658	Parlor! Mini 3 - Pachinko Jikki Simulation Game (Japan)
55DCF09E	Space Football - One on One (USA)
55E44983	Doraemon - Nobita to Yousei no Kuni (Japan) (Rev 1)
560C5EAB	Doraemon 3 - Nobita to Toki no Hougyoku (Japan)
5613F172	Bakukyuu Renpatsu!! Super B-Daman (Japan)
5615D5ED	Super B.C. Kid (Europe)
5617A42E	Yu Yu Hakusho Final - Makai Saikyou Retsuden (Japan)
561AEB8F	Phalanx - The Enforce Fighter A-144 (Japan) (En)
561BBD96	16 Zhang Mahjong II - Xingzuo Nulang Pian (Hong Kong)
5621000D	Super Gomoku Narabe - Renju (Japan)
56296426	FIFA International Soccer (USA)
56410E5E	Super Mario Kart (Europe)
566176FA	Furuta Atsuya no Simulation Pro Yakyuu 2 (Japan)
566C43EC	Might and Magic II (USA) (Proto 1)
56817ACC	Goomba BreakOut (World) (v1.3)
5685773A	First Samurai (Europe)
5688B581	Super Bonk (USA)
5693CDB4	Ultima - The False Prophet (USA) (Beta)
5695CC12	Mahjong Taikai II (Japan) (Rev 1)
5699582C	Parlor! Parlor! 3 (Japan)
569A1CEC	Magical Drop 2 - Bunka Housou Special Version (Japan)
569DB79D	J.League Soccer - Prime Goal 2 (Japan)
56BA694A	JoJo no Kimyou na Bouken (Japan)
56C05339	Shodai Nekketsu Kouha Kunio-kun (Japan)
56C7EB66	BattleTech 3050 (Japan)
56D63328	Chou Gojira (Japan)
56EC4655	Xandra no Daibouken - Valkyrie to no Deai (Japan)
56F3A65A	Super Power League (Japan)
56FDBB8C	NBA Live 95 (Europe)
56FE0A74	Gokujou Parodius (Japan) (Beta 2)
5706F0EE	Biker Mice from Mars (Europe) (Sample)
571AEF10	Sword World SFC 2 - Inishie no Kyojin Densetsu (Japan)
5735B605	Unholy Night - The Darkness Hunter (USA)
573C8A65	NBA Pro Basketball '94 - Bulls vs Suns (Japan)
57674647	Sangokushi IV (Japan) (Rev 1)
57753105	Koushien 4 (Japan)
5796529E	Legend of the Mystical Ninja, The (Germany)
57BF1D3E	Super Tennis - World Circuit (Japan) (En)
57CBD9AF	Duel, The - Test Drive II (Europe)
57D5F20B	Magical Quest Starring Mickey Mouse, The (Germany)
57D9FD61	Super Black Bass (USA)
57DB06BF	Leading Jockey (Japan)
57DCD2A1	Plok! (Japan)
57FF6D4C	Honke Sankyo Fever 2 - Jikki Simulation (Japan)
580026D9	Teenage Mutant Ninja Turtles - Tournament Fighters (Australia)
580080D3	Tactics Ogre - Let Us Cling Together (Japan) (Rev 1) (Virtual Console)
582175B1	Earth Defense Force (USA, Europe) (Switch Online)
5822A4E1	Outlander (Europe)
582EED3D	Cosmo Police Galivan II - Arrow of Justice (Japan)
584CE502	NHL Stanley Cup (USA) (En,Fr)
5855F7EA	Sid Meier's Civilization (USA) (Beta)
585947EB	Jimmy Connors Pro Tennis Tour (Germany) (Beta)
58752BAF	HAL's Hole in One Golf (USA)
588A9707	Pop'n TwinBee (Europe)
588DDD4D	Star Fox 2 (Japan) (Beta 13) (Debug)
5896C854	Super Batter Up (USA)
5897D86E	Mahoujin Guruguru 2 (Japan)
589CE983	Fatal Fury (Europe)
58AB9EA0	Star Fox 2 (Japan) (Beta 8)
58CBF2FE	Game Genie (USA) (Alt)
58CD1F5A	Mr. Tuff (Europe) (En,Fr,De) (Proto 2)
58DA330C	Shin Nihon Pro Wrestling - Chou Senshi in Tokyo Dome - Fantastic Story (Japan)
59059D83	Little Magic (Europe) (Proto)
590E5A08	Best of the Best - Championship Karate (Europe) (Beta 1)
59180F1C	Universal Soldier (USA) (Proto)
591CBB2D	World League Soccer (USA)
592E68FA	Castlevania - Vampire's Kiss (Europe) (Castlevania Advance Collection)
593C10B1	Super Kyoutei (Japan) (Rev 1)
593CD548	Trials of Mana (World) (Es) (Rev 1) (Collection of Mana)
593EEFE0	Dragon Ball Z - Ultime Menace (France)
5940BD99	Teenage Mutant Ninja Turtles IV - Turtles in Time (USA)
5947A7A4	Honoo no Toukyuuji - Dodge Danpei (Japan)
59490CE8	Yoshi's Safari (USA)
594F5CC6	Flintstones, The - The Treasure of Sierra Madrock (USA)
595684AF	Newman Haas IndyCar featuring Nigel Mansell (Europe)
5956E946	Shanghai - Banri no Choujou (Japan) (Rev 1)
596122C4	Total Carnage (Europe)
59766A7D	WeaponLord (World) (Evercade)
597AA981	Bonkers (USA)
597C2BFE	Side Pocket (USA)
5980D75D	Road Runner's Death Valley Rally (USA)
598116A5	Super Goal! 2 (World) (Evercade)
59884DF2	Jissen Pachinko Hisshouhou! 2 (Japan)
59909EB5	Daze Before Christmas (Europe)
5995CF46	Ninja Ryuuken Den Tomoe (Japan)
59B6B116	Pro Mahjong Kiwame (Japan) (Rev 1)
59C00310	Battle Clash (USA)
59CAEBD7	Mega Family Bros (World)
59D0F587	Revolution X (Germany) (En)
59E235BA	Dorque & Imp (Europe) (Proto) (Palace Level)
59E83AAF	Steven Seagal Is The Final Option (USA) (Proto)
59ED9CAF	Super Star Wars - Return of the Jedi (Europe) (Beta)
5A13366C	Circuit USA (Japan) (En)
5A137504	Kijin Kourinden Oni (Japan) (Beta)
5A183E62	R-Type III (Europe)
5A2B7DAC	Dekitate High School (Japan)
5A5BD63C	Taz-Mania (USA) (Beta 1)
5A80C4CB	Troddlers (Europe) (Beta 2)
5ABFBE21	Space Funky B.O.B. (Japan)
5AC117C9	Picross NP Vol. 5 (Japan) (Rev 1) (NP)
5ACD46EC	Tecmo Super Bowl II - Special Edition (Japan) (En)
5AFF8CD5	Lethal Enforcers (USA)
5B09F3AD	Daikaijuu Monogatari (Japan) (Rev 1)
5B1461A1	Sure Instinct (World) (v1.0.2) (PAL)
5B1837BE	Super Jinsei Game (Japan) (Rev 1)
5B211BE0	Street Fighter II (USA) (Capcom Town)
5B2767FD	Jetsons, The - Invasion of the Planet Pirates (USA) (Beta)
5B30EDD9	Winning Post (Japan) (Rev 1)
5B337FB6	Super Donkey Kong 3 - Nazo no Kremis-tou (Japan) (Rev 1)
5B5F152F	Rally - The Final Round of the World Rally Championship (USA) (Proto)
5B793CC3	Prince of Persia 2 - The Shadow & the Flame (USA) (Beta)
5B9AA73A	Captain Commando (Europe)
5BB2E6C3	Shien's Revenge (USA)
5BBA4EB3	Dragon Ball Z - Final Bout (USA) (Pirate)
5BDF5A87	Jungle Strike - Uketsugareta Kyouki (Japan)
5BE4A7E3	Super Tekkyuu Fight! (Japan)
5BED3661	Batman Returns (Japan) (En)
5BFDCD6C	Super Star Wars - The Empire Strikes Back (Europe)
5C00F14C	Claymates (USA) (Beta)
5C104DBF	Todd McFarlane's Spawn - The Video Game (USA) (Beta)
5C145E98	Psycho Dream (Japan)
5C2A701D	Zool no Yume Bouken (Japan) (En)
5C403CC5	ST018 (Japan) (Enhancement Chip)
5C4B2544	Hungry Dinosaurs (Europe)
5C7FC277	Thoroughbred Breeder III (Japan)
5C869CA5	Kinnikuman - Dirty Challenger (Japan)
5C8A87B6	Mr. Tuff (World) (En,Fr,De,Es,It) (The Retro Room)
5C971BED	Kiki Kaikai - Tsukiyo Soushi (Japan)
5CB9BC35	Exhaust Heat (Japan) (En)
5CBF87B5	Ren & Stimpy Show, The - Time Warp (Europe)
5CC7F538	Super Mario Bros. Maker (World) (Proto 1) (NES Conversion)
5CCE2E55	Block Kuzushi (Japan)
5CE87CCD	Super Mario World - Super Mario Bros. 4 (Japan) (Classic Mini, Switch Online)
5CECE690	Bram Stoker's Dracula (USA)
5CF9A482	Karura Ou (Japan)
5D026339	SimCity (France)
5D0ADDDA	Virtual Bart (USA)
5D0B2115	Parodius Da! - Shinwa kara Owarai e (Japan) (Beta)
5D3B200F	Pop'n TwinBee (Japan) (Beta 2)
5D40CB37	Super Castlevania IV (Europe)
5D4E4EE1	Keiba Eight Special (Japan) (Rev 1)
5D6BA598	Fune Tarou (Japan)
5D6DEAC7	Fun 'n Games (USA)
5D7B8BCB	Bombuzal (Japan)
5D7CD9C8	Jikkyou Powerful Pro Yakyuu 2 (Japan)
5D8426E9	Nitropunks - Might Heads (Japan)
5D8CB7AC	Rudra no Hihou (Japan)
5DA17C51	X Zone (Japan, USA) (En) (Beta)
5DA55692	Super Kyuukyoku Harikiri Stadium 2 (Japan)
5DAF9DBD	PGA Tour Golf (Europe)
5DAFAC3E	Flashback (Europe) (En,Fr) (Beta)
5DC6B9FE	T2 - The Arcade Game (USA)
5DD1CCD1	Pinkie (USA)
5DD9AF58	Nichibutsu Collection 2 (Japan)
5DDEDC28	Asterix (Europe) (En,Fr,De,Es)
5DF55465	Shodai Nekketsu Kouha Kunio-kun (Japan) (Rev 1)
5E04EFB5	Mario Is Missing! (Europe)
5E08C48C	Ys V - Ushinawareta Suna no Miyako Kefin (Japan)
5E19FE50	Super Ninja Boy (USA) (Beta)
5E1AA1A6	Lufia & the Fortress of Doom (USA)
5E1B435A	Shinchou Kouki (Japan)
5E21F557	Shanghai - Banri no Choujou (Japan)
5E2C24F6	Combatribes, The (Japan)
5E34822A	X-Men - Mutant Apocalypse (USA)
5E468FB4	MazezaM Challenge (World) (v1.1) (NEO Compo 2012)
5E4ADA04	Soul Edge vs Samurai (USA) (Pirate)
5E4F4856	FIFA - Road to World Cup 98 (Europe) (En,Fr,De,Es,It,Sv) (A8FE)
5E550E27	Super Turrican 2 (USA) (Beta 2)
5E66A52C	K.H. Rummenigge's Player Manager (Germany)
5E7397E0	Mario's Time Machine (USA)
5E75A0E0	Jikkyou Powerful Pro Yakyuu 3 - '97 Haru (Japan) (Rev 1)
5E91C599	Timon & Pumbaa's Jungle Games (Europe)
5EA2E79C	Super E.D.F. (Japan) (En) (Switch Online)
5EAD3A51	Pro Yakyuu Nettou - Puzzle Stadium (Japan) (Beta)
5EB18063	World Cup USA 94 (Europe) (En,Fr,De,Es,It,Nl,Pt,Sv)
5EBF7246	Sound Novel Tsukuru (Japan)
5EC69FAD	Super Snakey (Japan)
5EE9D7E4	NFL Football (Europe)
5F02A044	Daffy Duck - The Marvin Missions (USA)
5F1D73D7	Last Bible III (Japan)
5F2AB21D	TKO Super Championship Boxing (USA) (Sample)
5F2C7031	RoboCop 3 (Europe)
5F3AD10E	Super Copa (USA) (Es,Pt) (Beta)
5F3E5279	Derby Stallion III (Japan) (Rev 2)
5F40A869	Out of This World (USA)
5F5C3285	Newman Haas IndyCar featuring Nigel Mansell (USA) (Beta)
5F5E9B0B	Battle Cross (Japan)
5F693504	Illvanian no Shiro (Japan) (Beta)
5F7B6627	16 BIT XMAS 2011 - Christmas Craze (World)
5F863463	Magical Taruruuto-kun - Magic Adventure (Japan)
5F86ADA5	Magna Braban - Henreki no Yuusha (Japan)
5F99275B	Super Game Boy (Japan, USA) (En) (Beta 2)
5FA4D051	Foreman for Real (USA)
5FA9485C	California Games II (Japan) (En,Ja)
5FB18FC6	ClayFighter (USA) (Beta 2)
5FB6E4E9	Yoshi's Cookie (Europe)
5FB7A31D	Maerchen Adventure Cotton 100% (Japan)
5FC89932	Wedding Peach (Japan)
5FD03CAC	Krusty's Super Fun House (USA)
60190859	John Madden Football '93 (USA)
60305047	Super Kyousouba - Kaze no Sylphid (Japan)
603C748C	Congo's Caper (USA) (Beta)
60844B65	Multi Play Volleyball (Japan)
60B2D4A8	Striker (Europe) (En,Fr,De,Es,It,Nl,Sv)
60B9EF27	Teenage Queen (World) (v1.4) (PAL)
60BECEED	Turf Memories (Japan)
60DC3634	Head-On Soccer (USA)
61011074	Jurassic Park (France)
6128275A	Contra III - The Alien Wars (World) (Contra Anniversary Collection)
61290299	Tarzan - Lord of the Jungle (USA) (Proto)
612A07F9	Numbers Paradise (Japan)
612B9B65	Super Wagyan Land (Japan)
613C62B7	HyperZone (Japan) (En)
61441201	Super Uno (Japan)
614A7090	Terranigma (France)
6150D3F9	True Lies (Japan) (En)
615A183B	King Arthur & The Knights of Justice (USA)
615C4AA7	Great Battle IV, The (Japan) (Beta)
6160829B	Libble Rabble (Japan)
61753981	American Battle Dome (Japan)
617AC925	Battletoads in Battlemaniacs (USA)
618703FA	NBA All-Star Challenge (USA) (Beta)
61939546	Heracles no Eikou III - Kamigami no Chinmoku (Japan)
61A86C7F	Dirt Trax FX (USA)
61A8F2E3	F-Zero (USA, Europe) (Virtual Console, Classic Mini, Switch Online)
61ABD015	Kidou Senshi Z Gundam - Away to the Newtype (Japan)
61B26167	Cosmo Gang - The Puzzle (Japan)
61B947E2	Super Jinsei Game 3 (Japan) (Rev 1)
61CBC222	Ring Dash (World) (Demo 3)
61D22779	Equinox (USA) (Beta)
61E7F18A	Kid Klown in Crazy Chase (USA) (Beta 1)
61E8F56A	Goof Troop (Europe)
61F903F8	Super Puyo Puyo Tsuu Remix (Japan)
623F2197	Gerry Anderson's Thunderbirds - Kokusai Kyuujotai Shutsudou Seyo!! (Japan)
6278BCA1	Home Alone (Japan)
62830BEF	Trump Island (Japan)
6288D8ED	Batman Forever (Europe)
62904E35	Space Ace (Japan) (En)
6291EE08	Live A Live (Japan)
6299FB1C	Hourai Gakuen no Bouken! - Tenkousei Scramble (Japan)
62A7C74B	Adventures of Mighty Max, The (Europe)
62A92E57	MLBPA Baseball (USA)
62ABAEE1	Elite Soccer (USA)
62ABCC5C	Prime (USA) (Proto)
62AFD640	Street Racer (World) (GOG)
62D31295	Bushi Seiryuuden - Futari no Yuusha (Japan)
6301060C	Jeopardy! - Deluxe Edition (USA)
63069939	Aladdin (France)
630E16A1	Actraiser 2 (Europe) (En,Fr,De)
630F8D0D	Wizap! - Ankoku no Ou (Japan)
63245CAC	Hagane (Japan)
634344A0	Esparks - Ijikuu kara no Raihousha (Japan)
63793067	Mega Man IV (World) (REV-D) (NES Conversion)
63854962	Rrodas Cross (World) (Demo 2)
63883E1E	Dai-4-ji Super Robot Taisen (Japan) (Rev 1)
63885A43	Mr. Bloopy Saves the World (USA) (Proto 1) (Levels-B)
639022AB	Takemiya Masaki Kudan no Igo Taishou (Japan)
6391F9B3	Zakuro no Aji (Japan)
6394D9DF	Ganbare Goemon - Yuki Hime Kyuushutsu Emaki (Japan) (Beta)
63953FA0	Mega Man III (World) (REV-B) (NES Conversion)
63A8E2C6	Super Bomberman (USA)
63BFC034	Mer Wars (USA) (Proto)
63C2FD28	Mega Man IV (World) (Beta) (NES Conversion)
63C52DC4	Syndicate (Japan)
63CE5132	Dr. Mario (Japan) (En) (NP)
63E37D86	Teenage Mutant Ninja Turtles - Tournament Fighters (USA) (Beta)
63E442B4	Wolfenstein 3D (USA) (Beta 1)
63E8B7D5	Street Racer (USA)
63F6F934	Illusion of Time (France)
64034B07	Cyber Knight (Japan)
640D734F	New 3D Golf Simulation - Devil's Course (Japan)
64129F4C	X-Kaliber 2097 (USA) (Beta)
641CB02B	Super Daikoukai Jidai (Japan)
642B656B	R-Type III (USA)
643D5097	Super Noah's Ark 3D (World) (Steam)
644E7FBF	Addams Family, The - Pugsley's Scavenger Hunt (Europe)
645BE06B	Ogre Battle - The March of the Black Queen (USA, Europe) (Virtual Console)
6460FBBE	Naruhodo! The World (Japan)
64A91E64	Ys III - Wanderers from Ys (USA)
64B76CEB	Battle Racers (Japan)
64C6297B	Super Adventure Island II (Europe)
64D1382A	Mega Man (World) (REV-D) (NES Conversion)
64D68066	Addams Family, The - Pugsley's Scavenger Hunt (USA) (Beta 1)
64D7B231	Zero the Kamikaze Squirrel (Europe)
64EDFC5D	Sunset Riders (Europe)
654E1BE4	Torneko no Daibouken - Fushigi no Dungeon (Japan)
65545E88	Futebol Brasileiro 96 (Brazil) (Pirate)
655C13DF	Rockfall (World)
65690811	Mr. Nutz (USA) (En,Fr) (Beta 1)
65717023	Nichibutsu Arcade Classics 2 - Heiankyou Alien (Japan)
65746F02	NBA Showdown (USA)
65792D05	Death and Return of Superman, The (Europe)
65815455	Jissen Kyoutei (Japan)
6582A8F5	Wolfenstein 3-D (USA)
6598790A	Simpsons, The - Bart no Fushigi na Yume no Daibouken (Japan) (En)
65AD4F8D	Wing Commander (USA)
65BB5DC4	Fighter's History - Mizoguchi Kikiippatsu!! (Japan)
65BBE8B4	Operation Logic Bomb - The Ultimate Search & Destroy (USA)
65BF3A7E	Jeopardy! (USA)
65CD17E3	Densetsu no Ogre Battle - The March of the Black Queen (Japan)
65CE3729	Power Slide (Europe) (Proto)
65D0A825	Final Fantasy II (USA)
65E423A5	Space Rescue Squad (World) (Demo 2)
65FE9A35	Nintendo Power Menu Program (Japan) (NP)
6616ABDA	Super Street Fighter II (USA) (Beta 1)
661E791E	Table Game Daishuugou!! (Japan)
66623EE2	Val d'Isere Championship (Europe) (Beta)
66787DF6	Metal Marines (USA)
6679A772	Hook (Europe)
667B31FB	Angelsong (World) (v1.2) (SNESDEV 2025)
66989491	Lost Vikings, The (Europe)
66C04587	Full Power (Japan) (En)
66ED877A	Hunt for Red October, The (Europe) (Beta)
66F00725	James Pond's Crazy Sports (Europe)
66F50ABC	On the Ball (USA) (Beta)
66FBE563	Mahjong Hishouden - Shin Naki no Ryuu (Japan)
6715E04E	Dragon - The Bruce Lee Story (USA) (Beta)
67187BC9	Princess Maker - Legend of Another World (Japan)
672EBF39	Ren & Stimpy Show, The - Buckeroo$! (USA)
673468C8	JRA PAT - Wide Taiouban (Japan) (TJEJ)
67397D0D	K-fet Invaders (World)
67405D44	RHI Roller Hockey '95 (USA) (Proto)
6742D51C	Bastard!! - Ankoku no Hakaishin (Japan)
675B6382	RPG Tsukuru 2 (Japan)
676CB638	WWF Super WrestleMania (USA)
6779970F	Gods (USA)
678501F2	Super Bomberman (Europe)
6797884A	Theme Park (Japan)
6797D8DC	Kidou Senshi V Gundam (Japan)
67B5FB22	Milandra (Japan)
67CDACC5	Breath of Fire II (USA)
67E1756B	Silva Saga II - The Legend of Light and Darkness (Japan)
67E3570F	TV-Chan's Great Escape! (World)
6810AA95	Bazooka Blitzkrieg (USA)
6838BE08	Lost Vikings, The (USA)
6865F663	Super Big 2 (China)
686F5A90	Super Nobunaga no Yabou - Bushou Fuuunroku (Japan)
688382B6	Super Jinsei Game 3 (Japan)
689A7A79	Puzzle'n Desu! (Japan)
689AC35C	Super Linearball (Japan) (En)
689CBF05	Tatakae Genshijin 2 - Rookie no Bouken (Japan) (En)
68AEA5B8	Shin Momotarou Densetsu (Japan)
68B09B12	King of Dragons, The (Japan)
68BDCBD7	Hokuto no Ken 5 - Tenma Ryuuseiden Ai Zetsu Shou (Japan)
68C8B643	NBA Give 'n Go (USA)
690A9540	Gourmet Warriors (World) (QUByte Classics)
690B8C85	Tom vs Jerry - The Chase Is On! (Europe) (Proto 2)
6910626D	Pro Quarterback (USA)
691314BB	Super Turrican 2 (USA) (Beta 1)
69150D4C	Parame ROM Cassette Vol. 5 (Japan)
6928D52A	World Cup Striker (Europe) (En,Fr,De) (Beta)
6930B67A	NHL 95 (Europe)
694CBFE4	Q-bert 3 (USA)
69642B00	JWP Joshi Pro Wres - Pure Wrestle Queens (Japan)
696458B3	Casper (Japan)
696778FA	Picross NP Vol. 4 (Japan) (Rev 1) (NP)
697B4C24	Super Play Action Football (USA) (Beta)
69989684	Contra Force (World) (Proto 1) (NES Conversion)
69AB65C5	Ultra Baseball Jitsumei Ban (Japan)
69C2F850	James Bond Jr (USA)
69CB4875	Aero the Acro-Bat (World) (Evercade)
69D9CAA9	Tenchi Muyou! - Game Hen (Japan)
6A187C70	Super Godzilla (USA)
6A1B6926	Rockman X (Japan)
6A3CCEB1	Tokimeki Memorial - Densetsu no Ki no Shita de (Japan)
6A41323B	Super Rambler (World) (v1.01)
6A4347FF	Push-Over (Europe) (En,Fr,De,Es)
6A455EE2	Wolfenstein 3D (Europe)
6A53C658	Apocalypse II (Europe) (Proto 1)
6A6C2091	Legend of Zelda, The - A Link to the Past (Germany)
6A7FF02D	Troddlers (USA)
6AA46CFC	Power Rangers Zeo - Battle Racers (Europe)
6AAAF617	Little Medusa (USA)
6AABA901	Super Ghouls 'N Ghosts (USA)
6AAF031A	Super Mario Kart (Japan) (Beta 1)
6AF63041	Zenkoku Koukou Soccer 2 (Japan)
6AFF2914	Haou Taikei Ryuu Knight - Lord of Paladin (Japan) (Beta)
6B036F40	River City Girls Zero (World) (Fr) (Switch)
6B125B71	UWOL - Quest for Money (World) (v1.3)
6B19A2C6	Final Fantasy - Mystic Quest (USA)
6B23E2E4	Super Mahjong 2 - Honkaku 4-nin Uchi! (Japan) (Rev 1)
6B321DB6	Super Indy Champ (Japan)
6B3B7B52	Cacoma Knight (Japan)
6B452801	Air Cavalry (USA)
6B54BE97	Ashita no Joe (Japan)
6B62625A	Space Invaders (Australia)
6B882D11	Olympic Summer Games (USA)
6B8AC3B3	Super F1 Circus Gaiden (Japan)
6B8C5603	WWF WrestleMania - The Arcade Game (Europe)
6B953095	Championship Soccer '94 (USA) (En,Fr,De,It)
6B971F1E	Super Bases Loaded (USA)
6B9C71A9	Sonic The Hedgehog (USA) (Pirate) (Alt)
6BB6A72F	True Lies (USA) (Beta)
6BBCEA4F	International Tennis Tour (Europe)
6BCBBA10	Super Ninja Boy (USA)
6BE4CA95	Secret of Mana (France)
6C0174A3	Prehistorik Man (USA) (Beta)
6C043BF1	Dinowars - Kyouryuu Oukoku e no Daibouken (Japan)
6C128210	Tetris Attack (USA) (En,Ja)
6C28CC39	Populous II - Trials of the Olympian Gods (Europe)
6C2B54EB	New Super Mario Land (World) (v1.2)
6C303FC9	King of Fighters '98, The (USA) (Pirate)
6C50C2CF	Romancing Sa-Ga 3 (Japan) (Rev 1)
6C5F1A18	Ace o Nerae! (Japan)
6C6407B9	WWF Royal Rumble (Europe)
6C771CBD	Super High Impact (USA) (Beta 1)
6C852EF3	Tetris & Dr. Mario (USA)
6C853888	Terminator, The (USA) (Beta)
6C864780	Wally o Sagase! - Ehon no Kuni no Daibouken (Japan)
6C901862	Pachinko Monogatari - Pachi-Slot mo Aru deyo!! (Japan)
6CACD79C	Legend of Zelda, The (World) (REV-F) (Digital) (NES Conversion)
6CBBD019	Shin Nihon Pro Wrestling Kounin - '94 Battlefield in Tokyo Dome (Japan)
6CC571F5	Taz-Mania (USA)
6CD568A9	International Superstar Soccer (Europe)
6CD62399	Ganbare Goemon - Yuki Hime Kyuushutsu Emaki (Japan) (Rev 2)
6CDA700C	Final Fantasy IV - Easy Type (Japan)
6CF14848	Mohawk & Headphone Jack (Europe)
6D16F5E7	World Cup Striker (Europe) (En,Fr,De)
6D3BC96F	Looney Tunes B-Ball (USA)
6D5803BA	Rockman X3 (Japan) (Beta 1)
6D86BFB0	Super Street Fighter II (Europe)
6D8D580D	Septentrion (Japan)
6D94B083	Super Turrican (USA) (Virtual Console)
6D971E71	Supapoon (Japan)
6DD4CC8A	Super Mario RPG (Japan) (Virtual Console)
6E030B96	Tenshi no Uta - Shiroki Tsubasa no Inori (Japan)
6E20B5F3	Super Keirin (Japan)
6E42D71B	Deae Tonosama Appare Ichiban (Japan)
6E4650A2	Bram Stoker's Dracula (USA) (Beta)
6E6742B6	Lion King, The (USA) (Beta 2)
6E7F189F	WarpSpeed (Europe)
6E8A1081	Lost Vikings, The (Spain)
6E939DD3	Wild Guns (Europe)
6EB78AE8	Ushio to Tora (Japan)
6EC4DAED	Ring Dash (World) (Demo 4)
6EE8F433	Terminator 2 - Judgment Day (Europe)
6EF3B9C7	Super Chase H.Q. (USA)
6EF77F07	Wing Commander - The Secret Missions (Europe)
6F12C3D5	Super Hanafuda 2 (Japan)
6F2015FB	Lagoon (Japan)
6F2C46C6	Pagemaster, The (USA) (Beta 1)
6F563ADF	Addams Family, The (USA) (Arcade)
6F5C5DC0	GunForce (USA)
6F702486	Utopia - The Creation of a Nation (Europe)
6F7D1745	Smash Tennis (Europe)
6F8ED108	Earthworm Jim (Japan)
6F91883E	Hook (Japan)
6F95D27E	Super Shanghai - Dragon's Eye (Japan) (HOT B)
6F9632D7	Super Casino - Caesars Palace (Japan)
6FA3FCA1	Speed Racer (USA) (Beta)
6FB8A4DF	Terranigma (Germany) (Rev 1)
6FC37D96	Mighty Morphin Power Rangers - The Fighting Edition (Europe)
6FC3C105	Mighty Max (USA)
6FCEA1A1	Super Battleship (USA)
6FD2CD8C	Spider-Man and the X-Men in Arcade's Revenge (USA) (Beta)
6FD722FF	Breath of Fire II (USA, Europe) (Virtual Console, Switch Online)
6FF2D97E	International Sensible Soccer - World Champions (Europe) (En,Fr,De,It) (Rev 1)
6FFA308C	Parodius (Europe)
7019B1F1	Dead Dance (Japan)
702446B7	Hakunetsu Pro Yakyuu - Ganba League (Japan) (Rev 1)
70428761	Final Fight (USA) (Capcom Town)
7049AAE8	F1 Pole Position (USA) (Beta)
70740CF4	Mizuki Shigeru no Youkai Hyakkiyakou (Japan)
707C5E8B	Creepy Bird (World) (v1.02) (Digital)
70935C01	Tony Meola's Sidekicks Soccer (USA) (Beta 1)
70A292D6	Super Battletank 2 (USA)
70A6029A	Nintama Rantarou Special (Japan)
70AFD634	Super Kick Off (Japan)
70B7F50E	Super Soccer (USA) (Arcade)
70BB5513	Mortal Kombat II (USA) (Rev 1)
70BBA233	Dragon Slayer - Eiyuu Densetsu (Japan)
70C5E2D1	Young Merlin (Europe) (Beta)
70D7AD50	Star Fox 2 (Japan) (Beta 1)
70D9C906	Sterling Sharpe - End 2 End (USA)
70DA6BB8	Indiana Jones' Greatest Adventures (USA)
70E5A2CA	Shin Ikkakusenkin (Japan)
70F28A6D	Super SWIV (Japan) (En)
70F5D440	Chou Aniki - Bakuretsu Rantou Hen (Japan)
70FBFF3B	Yuujin Janjuu Gakuen 2 (Japan)
71056BF3	George Foreman's KO Boxing (USA) (Beta)
7107B229	Porky Pig's Haunted Holiday (Europe)
7124E5EC	Final Fight 2 (USA) (Capcom Town)
716D3EFF	Kawa no Nushi Tsuri 2 (Japan)
717243E7	Picross NP Vol. 3 (Japan) (Rev 1) (NP)
718CB0DF	Brainies, The (USA)
71B24BEE	Ultra Seven (Japan)
71C631AA	Kamaitachi no Yoru (Japan)
71E5E555	Samurai Shodown (USA) (Beta)
71E962B6	Larry Nixon's Super Bass Fishing (Japan) (Rev 1)
72123EF0	Sugoi Hebereke (Japan)
721941DF	Illusion of Gaia (USA) (Beta 2)
7219DFCA	Full Throttle - All-American Racing (World) (Evercade)
72398230	Zero the Kamikaze Squirrel (World) (Evercade)
723D7B46	Kidou Butouden G Gundam (Japan)
726B6C5A	Barkley Shut Up and Jam! (USA)
727F1593	Earth Light (Japan)
72839930	Amazing Tennis (Japan) (En)
729A5524	Football Fury (USA)
72B57042	Tom and Jerry (Europe)
72D49E26	Super Famista (Japan)
72D9ED8F	Street Fighter II Turbo (Japan) (Rev 1) (Virtual Console)
72FEB165	Ganpuru - Gunman's Proof (Japan) (Beta)
7317705E	Spanky's Quest (Europe)
732740EC	Super Mahjong Taikai (Japan) (Rev 5)
733764D7	Ninjawarriors - The New Generation (Europe)
7341CE40	Mystery Circle (Japan)
73453C46	Ganso Pachinko Ou (Japan)
7355C9B9	Super Slap Shot (USA)
7379E3B3	Whirlo (Europe)
73AEDE7E	Teitoku no Ketsudan (Japan) (Rev 1)
73F484A1	Picross NP Vol. 1 (Japan) (NP)
740786A1	DuckTales (World) (REV-A) (NES Conversion)
7414A4C2	James Bond Jr (Europe)
7417E83B	Tetris Attack (Europe) (En,Ja)
741AB27B	Rockman X3 (World) (Ja) (Mega Man X Legacy Collection)
7425BB91	Secret of Evermore (France)
7448D45C	Adventures of Yogi Bear (USA)
7455A7CF	Street Fighter Zero 2 (Japan)
746087C1	Super Putty (USA)
748D1412	Super Nazo Puyo - Rulue no Roux (Japan) (Beta)
74A94D60	Bubsy in - Claws Encounters of the Furred Kind (Europe)
74ADC6E2	Lupin Sansei - Densetsu no Hihou o Oe! (Japan)
74C75074	Super Formation Soccer II (Japan)
74D210D3	Ms. Pac-Man (USA)
74D89D96	Energy Breaker (Japan)
74D96359	Tactical Soccer (Japan)
74E33EE6	Kevin Keegan's Player Manager (Europe) (Auto Demo)
74EC9859	J.R.R. Tolkien's The Lord of the Rings - Volume One (Germany) (Sample)
74F70A0B	Brandish (USA)
74F8AC20	Star Fox 2 (USA) (Beta 1)
75058EDE	ESPN National Hockey Night (USA)
750F8068	Lawnmower Man, The (USA) (Beta 2)
752A25D3	Aladdin 2000 (USA) (Pirate)
7537D8D7	Ninjawarriors (USA)
7538F598	J.League Soccer - Prime Goal (Japan) (Rev 1)
75457B6B	Virtual Soccer (USA) (Proto)
7557C1B6	Shodani Nintei - Shodan Pro Mahjong (Japan)
7566347D	FIFA Soccer 96 (USA) (En,Fr,De,Es,It,Sv)
757AD630	Super Rugby (Japan)
758A0322	Super Chinese World 3 - Chou Jigen Daisakusen (Japan)
75993355	Elfaria - A Fantastic Theater (Japan)
759A4585	Honke Sankyo Fever 3 - Jikki Simulation (Japan)
75BDC895	Suzuki Aguri no F-1 Super Driving (Japan)
75BFF780	Star Trek - Deep Space Nine - Crossroads of Time (Europe)
75D8E363	Down the World - Mervil's Ambition (Japan) (Auto Demo)
75E362A6	Liberty or Death (USA)
75EEEB3F	Derby Stallion III (Japan)
75EEF329	Primal Rage (Europe)
75F193F0	BLT (World) (Demo 1)
75FDDF27	Mickey Mania (Europe)
75FF74F2	Syvalion (Japan)
76065E37	Red October (Japan) (En)
760F0A88	Star Fox 2 (USA) (Beta 2)
762AF827	Donkey Kong Country (USA) (Rev 2)
762D214F	Whizz (Europe)
762EA6E9	World Class Rugby 2 - Kokunai Gekitou Hen '93 (Japan)
76390095	SpellCraft - Aspects of Valor (USA) (Proto 2)
7646E64E	Super Ghouls 'N Ghosts (USA, Europe) (Virtual Console, Classic Mini, Switch Online)
7654E35F	Super Jinsei Game 2 (Japan) (Rev 2)
766DC9D9	Asterix (Europe) (En,Fr,De,Es) (Beta)
767164DD	Koushien 2 (Japan)
7681EFC1	F-Zero (Japan) (En)
76B151FD	American Gladiators (USA)
76C7AA37	Go Go Ackman 2 (Japan)
76E01CCB	Chaos Seed - Fuusui Kairouki (Japan)
7716936D	Super Sudoku (World) (Beta 2)
7718C867	Magic Boy (Europe)
7742B6F4	Judge Dredd (Europe)
77540CB9	Jurassic Park (USA)
77713C95	Alien 3 (USA) (Beta 2)
777AAC2F	Legend of Zelda, The - A Link to the Past (USA)
777BDC99	Super Castlevania IV (Europe) (Virtual Console)
77811B34	Garry Kitchen's Super Battletank - War in the Gulf (USA) (Rev 1)
77871727	Pilotwings (Japan)
77BBF192	Brett Hull Hockey (Europe)
77CB39F2	Brainies, The (Europe) (Beta)
77D02030	Shin Megami Tensei if... (Japan) (Rev 1)
77DAFB7E	Chou Makaimura (Japan) (Beta)
77DAFBB6	Super Chinese World 2 - Uchuuichi Butou Taikai (Japan)
7801AD97	Virtual Bart (Europe)
781514E4	Super Hockey (Europe)
78432DDC	Getsumen no Anubis (Japan)
7887F968	Super Scope 6 (Japan)
788E42C9	Choplifter III (Europe)
789DA99C	Hero Senki - Project Olympus (Japan)
78A066F1	Nintama Rantarou 2 (Japan)
78AEA085	Dream TV (USA) (Beta 1)
78BCD558	Eurit (USA) (Proto)
78D10E07	NFL Quarterback Club (USA) (Beta)
78ECA50D	Animal Buranden - Brutal (Japan)
78F0820B	King of Dragons (Europe)
78F229DC	Jigsaw Party (Japan)
78FC0D86	Wolverine - Adamantium Rage (Europe)
793CF3C8	Peace Keepers, The (USA) (Beta)
7955EBFE	Big Sky Trooper (USA) (Beta 2)
796294C6	John Madden Football (USA)
79663A93	Crystal Beans from Dungeon Explorer (Japan)
797724C8	Legend of the Mystical Ninja, The (Europe)
797E2E82	Spirou (Europe) (En,Fr,De,Es)
798352BF	Super Formation Soccer 95 - della Serie A (Japan)
7989891A	Super Bomberman (Japan) (En)
798A252F	Zaitaku Touhyou System - SPAT4-Wide (Japan) (TOBJ)
798A5AED	Porky Pig's Haunted Holiday (USA) (Beta 3)
79941300	Pac-Attack (Europe)
799B1787	King of the Monsters (Europe)
79A9B2D0	Lion King, The (Japan)
79D8EB24	Jim Power - The Lost Dimension in 3D (World) (QUByte Classics)
79F16421	NFL Quarterback Club (USA)
7A1BA194	Dungeon Master (Japan)
7A280495	Sangokushi Eiketsuden (Japan) (Rev 1)
7A313722	Hebereke's Popoon (Europe)
7A33E836	Donkey Kong Country (Europe) (En,Fr,De)
7A384A02	Raiden Trad (USA) (Beta)
7A585763	Hatayama Hatch no Pro Yakyuu News! - Jitsumei Ban (Japan)
7A8BBAFA	Arkanoid - Doh It Again (Japan) (En)
7A93D247	Alien 3 (USA) (Beta 1)
7ABDB576	Harapeko Bakka (Japan)
7ABF5579	Last Battle, The (Japan) (Beta)
7AC3C0C6	Panic in Nakayoshi World (Japan)
7ACF2AC6	Waterworld (Europe)
7AD4AADC	Robotrek (USA)
7AD5CCAC	Claymates (USA)
7ADACC49	Gindama Oyakata no Pachinko Hisshouhou (Japan)
7AEDD703	Langrisser, Der (Japan)
7AF18C88	MechWarrior (USA) (Beta 1)
7B121E67	NCAA Final Four Basketball (USA) (Beta)
7B164161	Aretha II - Ariel no Fushigi na Tabi (Japan) (Beta 2)
7B6836D3	Lawnmower Man, The (USA) (Beta 1)
7B78B9D6	Super Oozumou - Nessen Ooichiban (Japan) (Beta)
7B94CA96	Final Fight 2 (Europe)
7B9793B1	Dark Half (Japan)
7BA8FC78	F1 World Championship Edition (Europe)
7BBFE8C0	NBA Hang Time (Europe)
7BC8CD39	Super Inindou - Datou Nobunaga (Japan)
7BDDD73F	Street Sports - Jammit (USA)
7BF62174	Kunio-kun no Dodge Ball Da yo Zenin Shuugou! (Japan)
7BFE934F	Secret of Evermore (Spain) (Rev 1)
7C07E4A0	Star Trek - Starfleet Academy - Starship Bridge Simulator (Europe)
7C09B80A	Super Probotector - Alien Rebels (Europe) (Beta) (Debug)
7C0B798D	Pokemon Gold & Silver (USA) (Pirate)
7C149CFF	Star Trek - Deep Space Nine - Crossroads of Time (USA) (Beta 1)
7C20ACCB	Super Famista 4 (Japan)
7C2C0BF7	Eyra - The Crow Maiden (World) (Demo 2)
7C305DC8	Illusion of Time (Spain)
7C4887E1	Castlevania - Dracula X (USA)
7C495B36	Obitus (USA)
7C582644	Tchou (World) (v1.1)
7C7DD0BC	Mickey's Jigsaw Puzzles (USA) (Beta)
7C94C86C	Super F1 Circus (Japan)
7CA0CA4D	Pirates of Dark Water, The (USA)
7CA113C9	Mortal Kombat (USA) (Rev 1)
7CBAE8BD	Zero4 Champ RR (Japan) (Rev 1)
7CCB8762	Jurassic Park (Europe)
7CD0EECD	Mai Nurse (World) (v1.02)
7CEB9F66	Super Honmei - GI Seiha (Japan)
7CFC0C7C	Zombies Ate My Neighbors (USA)
7D06F473	Rock N' Roll Racing (USA)
7D149029	Nishijin Pachinko 3 (Japan)
7D179E21	Hyper V-Ball (USA)
7D1D0E76	Pac-Attack (World) (Evercade)
7D2C4855	Bing Bing! Bingo (Japan) (Beta)
7D2FD6D8	Soccer Kid (World) (En,Fr,De,Es,It) (Evercade)
7D30298F	Alien 3 (USA) (Beta 3)
7D3D39F9	Samurai Spirits (Japan)
7D6C9203	Derby Jockey - Kishu Ou e no Michi (Japan)
7D924C99	Super Jinsei Game 2 (Japan)
7DAE5C2A	Drakkhen (USA)
7DC5B7B3	Bassin's Black Bass (USA)
7DD199EC	Super Widget (USA)
7DD62A5E	Ultima VI - Itsuwari no Yogensha (Japan)
7DE42137	Great Circus Mystery Starring Mickey & Minnie, The (Europe)
7E006AAC	Mechanoids 2 - The Final Conflict (Europe) (Proto)
7E107C35	Uchuu no Kishi - Tekkaman Blade (Japan)
7E1DC952	SD Kidou Senshi Gundam - V Sakusen Shidou (Japan)
7E2C7143	Lucky Luke (Europe) (En,Fr,De,Es)
7E5929E8	Ganbare Goemon 3 - Shishi Juurokubee no Karakuri Manjigatame (Japan)
7E5DB156	World Class Rugby (Europe) (Beta)
7E809B1A	Incognity - A Rover Story (World) (v0.9.1)
7E91D654	Nobunaga no Yabou - Haouden (Japan) (Rev 1)
7E97AE6A	Derby Stallion III (Japan) (Rev 1)
7E97E194	Teenage Mutant Ninja Turtles - Mutant Warriors (Japan)
7E9BC944	Pitfall - The Mayan Adventure (Europe)
7EA1AFE8	Young Merlin (USA)
7EC892F0	Super Turrican (Japan) (En)
7ECAA194	NBA Jikkyou Basket - Winning Dunk (Japan)
7ED703BB	Dorque & Imp (Europe) (Proto) (Mine Level)
7EDC469F	SD The Great Battle - Aratanaru Chousen (Japan) (Rev 1)
7EE270DA	Itou Hatasu Rokudan no Shougi Doujou (Japan) (Rev 1)
7EE385A7	Kindai Mahjong Special (Japan)
7EF2BB0C	Spider-Man - Venom - Maximum Carnage (USA)
7F0D601D	Get in the Hole (Japan)
7F0DDCCF	Neugier - Umi to Kaze no Kodou (Japan)
7F19048C	Lion King, The (USA) (Beta 1)
7F1AAEBC	Dark Kingdom (Japan) (Beta)
7F3C1A95	Fighting Baseball (Japan)
7F480ABD	Kevin Keegan's Player Manager (Europe) (Demo 2)
7F5A6F91	Aretha II - Ariel no Fushigi na Tabi (Japan) (Beta 1)
7F6CCF00	Hagane - The Final Conflict (Europe)
7F6ED86E	Best of the Best - Championship Karate (USA)
7F768797	Mickey Mania - The Timeless Adventures of Mickey Mouse (USA) (Beta 1) (Debug)
7F8B51A1	Lemmings (USA)
7FA5B218	SimEarth - The Living Planet (USA)
7FC1AA92	JRA PAT (Japan) (TJBJ)
8005054D	Burai - Hachigyoku no Yuushi Densetsu (Japan)
8033574A	Romance of the Three Kingdoms II (USA)
805F6A1A	Teenage Mutant Ninja Turtles IV - Turtles in Time (USA) (Beta 2)
8071E5DB	Peace Keepers, The (USA)
80B112CA	Wario's Woods (Europe)
80E66C55	Bishoujo Janshi Suchie-Pai (Japan) (Rev 1)
81079934	Kijin Kourinden Oni (Japan)
81107CE2	Pinball Dreams (USA)
811475B0	Exertainment Mountain Bike Rally + Speed Racer (Europe) (En,Fr,De,Es,Nl)
8114CBCA	Targa (Europe) (Proto)
812329C2	Mighty Morphin Power Rangers (Japan) (En)
812555A3	Eek! The Cat (Europe)
81486E1E	Super C (World) (REV-B) (NES Conversion)
819F3A66	Tecmo Super NBA Basketball (USA) (Beta) (SNS-XM)
81B37C6A	Metroid (World) (REV-F) (NES Conversion)
81BF8718	Dragon's Earth (Japan)
81C8EB4F	Pro Yakyuu Nettou - Puzzle Stadium (Japan)
81D85180	SimCity (Europe)
81DA4B6A	Power Piggs of the Dark Age (USA) (Beta)
81DB73C7	Captain Commando (USA)
81E822AD	Hayazashi Nidan Morita Shougi (Japan)
822AD378	Pinball Fantasies (USA)
823019CA	Human Grand Prix (Japan) (En)
82399957	Looney Tunes - Road Runner vs Wile E. Coyote (Japan) (En)
82479D6A	Legend of the Mystical Ninja, The (USA)
82497F19	Addams Family, The (Europe) (En,Fr,De)
824AA6B5	Fushigi no Dungeon 2 - Fuurai no Shiren (Japan) (Rev 1) (NP)
8254A32E	Great Battle II, The - Last Fighter Twin (Japan)
825B9607	King of the Monsters (Japan)
8278693D	Lufia (Germany)
828B5F07	Iron Commando - Koutetsu no Senshi (Japan)
82AF5B69	Romance of the Three Kingdoms IV - Wall of Fire (USA)
82B5AD66	Super Campeones (Peru) (Es) (Pirate)
82B97464	Blues Brothers, The (USA)
82BA9020	Jissen Bass Fishing Hisshouhou in USA (Japan)
82CEEE3A	Mecarobot Golf (USA)
82DE1380	Super Fire Pro Wrestling X Premium (Japan)
82F7F710	Amazing Spider-Man, The - Lethal Foes (Japan)
82FF23BC	Hook (USA) (Beta)
830BC11C	Ganbare Goemon - Yuki Hime Kyuushutsu Emaki (Japan) (Rev 1)
8321C8CD	Super Battletank 2 (Japan)
8328822B	Toy Story (USA)
832A27C2	BASS Masters Classic (USA)
832C0CB6	Bugs Bunny - Rabbit Rampage (USA)
832C8449	Verne World (Japan)
83610397	Descentralizado 1993 (Peru) (Ja) (Pirate)
836E5194	Parlor! Mini - Pachinko Jikki Simulation Game (Japan)
836EE990	Jurassic Park Part 2 - The Chaos Continues (USA) (En,Fr,De,It)
83806E38	Great Battle Gaiden 2, The - Matsuri da Wasshoi (Japan)
838D0304	Timeslip (USA)
83AF6152	Asterix & Obelix (Europe) (En,Fr,De,Es)
83B40AF2	Another World (Europe)
83BA0AC0	Rise of the Robots (USA)
83BA85A5	Road Runner (USA) (Beta)
83EB5296	Nigel Mansell's World Championship Racing (Germany) (En)
83F87BB7	Mr. Tuff (Europe) (En,Fr,De,Es,It) (Proto 3)
83FC0F0C	F1 Pole Position 2 (Europe)
840D0C53	Lagoon (Europe)
84268A75	Shin Megami Tensei II (Japan) (Rev 1)
843506BB	Motteke Oh! Dorobou (Japan)
84381EF4	Jelly Boy (Europe) (Beta 2)
845790EF	Ultra League - Moero! Soccer Daikessen!! (Japan)
845E420D	SD Gundam G Next (Japan)
846151C8	Chibi Maruko-chan - Harikiri 365-nichi no Maki (Japan)
84767959	Super Chinese Fighter (Japan)
8477C613	Super Gussun Oyoyo (Japan) (Beta 2)
8488759E	Tottemo! Lucky Man - Lucky Cookie Roulette de Totsugekii (Japan)
848C1979	Monopoly Game 2, The (Japan) (Rev 1)
84AAB2AE	ST011 (Japan) (Enhancement Chip)
84AB251B	Earthworm Jim (Europe)
84C90E9E	Theme Park (Europe) (En,Fr,De) (Beta)
84DA7CFE	Contra III - The Alien Wars (USA)
84F7E078	Lock On (USA)
8516C373	Derby Jockey - Kishu Ou e no Michi (Japan) (Rev 1)
851B2388	Breath of Fire II - Shimei no Ko (Japan) (Rev 1) (Virtual Console, Switch Online)
85322FE3	Clay Fighter (World) (Evercade)
854FAC00	Tiny Toon Adventures (Japan)
85555436	Super Real Mahjong PIV (Japan)
855907A3	Squaresoft Mode 7 Demo (USA) (Tech Demo)
855E3DEB	Jikkyou Powerful Pro Yakyuu 2 (Japan) (Rev 2)
856AB0BB	Wordtris (USA)
856BEAB1	Blackthorne (USA)
857980B2	Super Mario World 2 - Yoshi's Island (Europe) (En,Fr,De)
857BBFAB	J.League Excite Stage '96 (Japan) (Rev 1)
8587EB6E	Super Momotarou Dentetsu III (Japan) (Rev 1)
85A21253	Torneko no Daibouken - Fushigi no Dungeon (Japan) (Rev 1)
85A217B5	Wizardry Gaiden IV - Taima no Kodou (Japan)
85A6B2A8	Mario's Early Years - Preschool Fun (USA)
85A8B156	Flintstones, The (Europe) (En,Fr,De,Es,It)
85AC87D5	CB Chara Wars - Ushinawareta Gag (Japan)
85B91E4F	NBA Jam (USA) (Sample)
85D4CDA1	Shadowrun (USA) (Beta 2)
8606D69B	ESPN Baseball Tonight (USA)
8617F7B9	Joe & Mac 2 - Lost in the Tropics (World) (Evercade)
861F2E42	Full Throttle - All-American Racing (Europe)
863ED0B8	Seiken Densetsu 3 (Japan)
864D7291	Claymates (Europe) (Beta)
8658F479	Super Thor Quest (USA)
865DC1CC	Roger Clemens' MVP Baseball (USA)
865F1A71	Starwing (Europe)
865F37BF	Tuff E Nuff (USA)
866A4BEE	La Wares (Japan)
8675B9DF	Caravan Shooting Collection (Japan) (En)
8676126B	Keeper (Japan)
8679BEB8	Super Zugan 2 - Tsukanpo Fighter (Japan)
86981887	Chavez II (USA) (Es)
86AA8A10	Super Naxat Open - Golf de Shoubu da Dorabocchan (Japan)
86B26E64	Den'Z Traffic Panic (Japan) (Beta)
86B790C7	MazezaM Challenge (World) (NEO Compo 2012)
86D2473C	Ninja Gaiden Trilogy (World) (REV-C) (NES Conversion)
86DA3D14	Micro Machines 2 - Turbo Tournament (Europe) (Beta)
870427D0	Alcahest (Japan)
8708E5BB	Run Saber (USA)
87328A40	Simpsons, The - Bart's Nightmare (Europe)
87653732	Star Fox 2 (USA, Europe) (Classic Mini, Switch Online)
876DFD97	Parodius Da! - Shinwa kara Owarai e (Japan)
879EDEE8	Inazuma Serve da! Super Beach Volley (Japan) (En)
87A38470	Rrodas Cross (World) (Demo 1)
87AAB79A	Drift King Shutokou Battle 2 - Tsuchiya Keiichi & Bandou Masaaki (Japan)
87AEB5B9	Super Nova (USA) (Beta)
87AFC187	Power Piggs of the Dark Age (Europe)
87BC35AF	NFL Quarterback Club (Europe)
87BFA0B8	Turn and Burn - No-Fly Zone (USA)
87CF0E8A	Gojira - Kaijuu Daikessen (Japan) (Rev 1)
87E4476D	SD Gundam - Power Formation Puzzle (Japan)
88017DF9	Last Action Hero (USA)
8813029C	Dai-3-ji Super Robot Taisen (Japan) (Rev 1)
881CE80A	Lion King, The (World) (En) (Disney Classic Games)
881EC69D	Super Nazo Puyo Tsuu - Rulue no Tetsuwan Hanjouki (Japan) (Beta) ('96 Tokyo Omocha Show)
885FB1B9	Soreyuke Ebisumaru Karakuri Meiro - Kieta Goemon no Nazo!! (Japan)
8862E31D	Batman (USA) (Proto)
8865980A	Super Probotector - Alien Rebels (Europe) (Virtual Console)
8871E0FF	TKO Super Championship Boxing (Europe)
8886396E	Sonic Blast Man (USA)
88A455A7	Mega Man IV (World) (REV-A) (NES Conversion)
88B2DA36	Oonita Atsushi FMW (Japan)
88D2416E	Ignition Factor, The (World) (Evercade)
88D54085	Monopoly (USA) (Rev 1)
88E5BCDF	Popful Mail (Japan)
88EB3131	Super Caesars Palace (USA) (Beta)
88F327CC	Super Ninja Boy (Europe) (Proto)
88FB19F8	Space Rescue Squad (World) (Demo 1) (SNESDEV 2025)
8900F073	Chaos Engine, The (Europe)
8902AD85	Super Turrican 2 (USA) (Strictly Limited Games)
890D9C9E	Hebereke no Popoon (Japan)
890DC31C	Lobo (USA) (Proto)
89178BC0	Capcom's Soccer Shootout (USA) (Beta)
891BB2BB	Prince of Persia (USA)
89276C88	Kouryuu no Mimi (Japan)
892F92A5	Super Baseball Simulator 1.000 2 (USA) (Proto)
8940126B	Skuljagger - Revolt of the Westicans (USA) (Beta)
896B37FB	Estpolis Denki (Japan)
8972DF65	Mega Man X2 (World) (En) (Mega Man X Legacy Collection)
899841E5	Shodan Morita Shougi (Japan)
89990EF7	Secret of Mana (USA) (Virtual Console)
89A67ADF	Dungeon Master (Europe)
89AC1EAA	Striker (Europe) (En,Fr,De,Es,It,Nl,Sv) (Beta 2)
89B22484	Joe & Mac 2 - Lost in the Tropics (USA) (Beta 1)
89B31066	Carrier Aces (Japan) (En)
89CD72B0	Super International Cricket (Europe)
89D0F7DC	Kirby Super Star (USA)
89F2712C	Super Black Bass (Japan)
8A21B63F	Alien 3 (Japan)
8A24FBA8	Congo's Caper (USA)
8A2D377E	PGA Tour Golf (Japan) (En)
8A46ED37	Lion King, The (Europe)
8A4A174F	Super Game Boy (World) (Rev 2)
8A926D1A	Jurassic Park Part 2 - The Chaos Continues (Europe) (En,Fr,De,It)
8A9D74F6	Mahjong Hanjouki (Japan)
8ACB1C4A	Super Real Mahjong PV Paradise - All-Star 4-nin Uchi (Japan)
8AE5E443	Super Tetris 2 + Bombliss (Japan) (En)
8AED15DD	Pachi-Slot Love Story (Japan)
8AEDD3A1	SimCity (USA)
8AF25E7E	Might and Magic III - Isles of Terra (USA)
8AFE2F91	Demolition Man (USA)
8AFF96D0	Barkley no Power Dunk (Japan) (En)
8B037C37	Contra Spirits (World) (Contra Anniversary Collection)
8B172B4E	J.R.R. Tolkien's The Lord of the Rings - Volume One (Germany)
8B18AC01	Battletoads-Double Dragon (USA)
8B1DAFBB	Tom and Jerry (USA)
8B22C830	Super R-Type (USA)
8B477300	WCW Super Brawl Wrestling (USA)
8B6BEDAD	Mario Paint (Japan, USA) (En) (Beta)
8B7CB277	Ultraman (Europe)
8B8AFD6F	Battle Grand Prix (Japan) (En)
8B93F566	Street Fighter II (Europe)
8BA3D382	BioMetal (Japan) (En)
8BAE9438	Pink Goes to Hollywood (USA)
8BAFCA10	New 3D Golf Simulation - Waialae no Kiseki (Japan)
8BC5B8DE	Carrier Aces (USA)
8BDA9255	Nangoku Shounen Papuwa-kun (Japan)
8BED5914	Madden NFL '94 (USA)
8BF2B589	Ken Griffey Jr. Presents Major League Baseball (USA)
8BF4B379	RoboCop 3 (USA) (Arcade)
8BFCB5A3	Super Gachapon World - SD Gundam X (Japan)
8BFDE0B7	Jurassic Park (USA) (Rev 1)
8C05ED51	Aero the Acro-Bat 2 (USA)
8C0C37F4	Mario's Early Years - Fun with Numbers (USA)
8C1B9F50	Foreman for Real (Europe)
8C2068D1	Twisted Tales of Spike McFang, The (USA)
8C37FF55	Final Fight 2 (USA)
8C3F510D	Jurassic Park (Germany)
8C765DA9	Pachinko Wars II (Japan)
8C7780BD	Dragon Ball Z - Super Butouden (Japan)
8C7A9C00	Furry RPG! (World) (Proto)
8C7FAEE4	BLT (World)
8C8897F4	Super Puyo Puyo 2 (World) (Ja) (Switch Online)
8CAC063C	Battle Zeque Den (Japan)
8CE8A4EB	Pachinko Wars (Japan)
8D004DBB	Outer World (Japan)
8D0B3C85	Air Management II - Koukuu Ou o Mezase (Japan)
8D258553	Mickey to Minnie - Magical Adventure 2 (Japan)
8D2596A7	Manchester United Championship Soccer (Europe)
8D29F41F	Final Stretch (Japan)
8D383776	Super Tennis (USA)
8D4C2300	NCAA Basketball (USA)
8D4DF815	Faceball 2000 (USA)
8D4E7082	Rise of the Robots (Europe)
8D56598B	B.O.B. (Europe)
8D5D099C	Titus the Fox (Europe) (Proto)
8D69103F	New Super Mario Land (World) (v1.1)
8D89A8E8	Odekake Lester - Lelele no Le (^^; (Japan)
8D9BFFC8	Genjuu Ryodan (Japan) (NP)
8D9C1036	Mechanoids 2 - The Final Conflict (Europe) (Auto Demo)
8DA10D61	Batman Forever (USA) (Beta 1)
8DB650F1	Mortal Kombat 3 (USA) (Beta 1)
8DC4E42F	Super Mario Kart (Japan) (Beta 2)
8DE80428	Star Trek - The Next Generation - Future's Past (USA)
8E0A7034	Hagane - The Final Conflict (USA)
8E37DB87	Michael Jordan - Chaos in the Windy City (Europe)
8E39A006	Ys III - Wanderers from Ys (Japan)
8E4AB536	X-Men - Mutant Apocalypse (Europe)
8E4BEFD0	Otogirisou (Japan)
8E4DADCD	Ranma 1-2 - Hard Battle (USA)
8E57BB02	Putty Squad (USA) (Proto)
8E647468	Tri-Star (USA)
8EA0DE90	Super Famista 4 (Japan) (Rev 1)
8EBD1223	Gambler Jiko Chuushinha - Mahjong Ooisen (Japan)
8EDB44AD	Super James Pond (Europe)
8EE7FAA5	Dennis the Menace (USA)
8EED024A	Desert Strike - Return to the Gulf (Europe)
8EF1411F	Tecmo Super Bowl III - Final Edition (USA)
8EFFC2D4	Blanco World Class Rugby (France) (En)
8F0D2C90	Tiny Toon Adventures (Japan) (Rev 1)
8F163DC1	Pachio-kun Special 2 (Japan)
8F185BD1	Star Trek - Starfleet Academy - Starship Bridge Simulator (Germany) (Sample)
8F24F886	Dragon Ball Z - La Legende Saien (France)
8F2AC8F5	Mario's Time Machine (USA) (Beta)
8F322C56	Honkakuha Igo - Gosei (Japan)
8F35EBE0	Rushing Beat Ran - Fukusei Toshi (Japan)
8F3C36AB	NBA Showdown (USA) (Beta)
8F3DA172	Matsumura Kunihiro Den - Saikyou no Rekishi o Nurikaero! (Japan)
8F42CAE7	NBA Jam (USA) (Rev 1)
8F44FFF9	Yumemaboroshi no Gotoku (Japan)
8F5B2404	Spindizzy Worlds (Japan) (En)
8FA368BE	Classic Kong Complete (World) (v2.01)
8FAC5EFD	Super Fire Pro Wrestling 2 (Japan)
8FAEB68A	Donkey Kong Country 2 - Diddy's Kong Quest (Europe) (En,Fr) (Rev 1) (Virtual Console)
8FAF17E5	FIFA Soccer 96 (Europe) (En,Fr,De,Es,It,Sv)
8FB5AC86	Rendering Ranger R2 (Japan) (En)
8FB6A868	Jissen! Pachi-Slot Hisshouhou! Yamasa Densetsu (Japan)
8FC29D4C	ST010 (Japan, USA) (Enhancement Chip)
8FC4E6D0	Star Fox (USA) (Rev 2)
8FCBE2F3	River City Girls Zero (World) (Zh-Hans) (Switch)
8FDF6296	Super Donkey (Japan) (En) (Proto 2)
8FE49F80	Brutal - Paws of Fury (USA)
9008C18A	4-nin Shougi (Japan)
901293AE	Horizontal Shooter (World) (Demo 2)
903348F5	Batman Forever (Japan) (En)
90387380	Yamaneko Bubsy no Daibouken (Japan)
906D505E	Ramos Ruy no World Wide Soccer (Japan) (En)
908B90B1	Rise of the Phoenix (USA)
90947B50	Race Drivin' (USA) (Beta)
90A9EA48	Super Ultra Baseball (Japan)
90B47BED	Pinocchio (USA) (Beta 3)
90D0FAC0	Worms (Europe)
90DE2C78	Shin Megami Tensei (Japan)
90EE8C61	Aladdin (Spain)
90F07CF1	Looney Tunes - Hoop It Up! (USA) (Beta)
9136DCE8	MechWarrior (Italy)
913F1555	Jimmy Connors Pro Tennis Tour (USA)
91415D1E	Mary Shelley's Frankenstein (USA)
914F2EA3	PGA European Tour (USA)
91633D95	Last Action Hero (Europe)
91867AF4	TwinBee - Rainbow Bell Adventure (Japan)
918AE6E0	Humans, The (World) (Evercade)
919C509D	Venom - Spider-Man - Separation Anxiety (USA)
919F23CB	Aero the Acro-Bat (USA)
91A03035	Pop'n TwinBee - Rainbow Bell Adventures (Europe)
91A6D452	Super Mahjong Taikai (Japan) (Rev 3)
91AF0CEC	Mortal Kombat (USA) (Beta)
91B28D56	Super Mario Collection (Japan) (Rev 1) (NP)
91B3DB54	Bugs Bunny - Rabbit Rampage (Europe)
91C9D645	Pinkie (Europe) (Proto)
91DA8D5C	NHL '97 (USA) (Beta)
91E0C960	Harley's Humongous Adventure (USA)
91FE7070	Kenyuu Densetsu Yaiba (Japan)
920A738E	Heracles no Eikou IV - Kamigami kara no Okurimono (Japan)
925206EA	BASS Masters Classic (Japan)
925637C7	Super Mario All-Stars (USA)
92582B67	Falcon (USA) (Proto)
925FFA69	Super Mario All-Stars (Europe)
9264E9A7	Ranma 1-2 (Europe) (Beta)
9277C9F7	Ultima - The False Prophet (USA)
928504A7	Nobunaga no Yabou - Haouden (Japan)
92954723	Winning Post 2 - Program '96 (Japan)
929D8D10	Jim Power - The Lost Dimension in 3D (World) (Piko Interactive)
92AFAB02	Battle Tycoon - Flash Hiders SFX (Japan) (Rev 1)
92BDA5F7	International Superstar Soccer Deluxe (Europe) (Beta)
92C1B170	River City Girls Zero (World) (Switch) (Original Translation)
92FAD6FC	Love Quest (Japan)
92FF4444	Legend of Zelda, The - A Link to the Past (Germany) (Beta)
9304044A	Combatribes, The (USA)
932C8D7D	River City Girls Zero (World) (Ko) (Switch)
933228F3	Super Solitaire (Europe) (En,Fr,De,Es,It) (Proto)
93356B76	Brawl Brothers (World) (Evercade)
93557C67	Apocalypse II (Europe) (Proto 2)
935EA22C	Goal! (USA)
93935BEE	Fatal Fury Special (USA)
93A0A25C	J.League '96 Dream Stadium (Japan)
93AF89C6	Kid Klown in Crazy Chase (Europe)
93F29DDE	Taekwon-Do (Japan) (Ja,Ko)
93F778AF	Super Fire Pro Wrestling III - Easy Type (Japan)
93F78934	Mr. Bloopy Saves the World (USA) (Proto 1) (Level 11-G)
9401D956	Bonkers - Hollywood Daisakusen! (Japan)
94093298	Lost Vikings, The (France) (En,Fr)
94152717	DinoCity (USA)
9424BBFA	Yadamon - Wonderland Dream (Japan) (Beta)
943328BA	Super Troll Islands (Europe)
9437A19B	Radical Rex (World) (QUByte Classics)
946313FB	Aaahh!!! Real Monsters (Europe)
94688D7E	Darius Twin (World) (En) (Darius Cozmic Collection)
947B0355	Mega Man X2 (USA)
9485EC0F	Bokujou Monogatari (Japan) (Rev 1)
94945B50	Super Bowling (USA)
9499855E	Secret of Mana (World) (De) (Collection of Mana)
94AFC86D	Dottie - Dreads Nought (World) (v1.1)
94B1C6B6	Street Fighter II (Japan) (Capcom Town)
94B93B25	Gakkou de Atta Kowai Hanashi (Japan)
94BFCC92	Bakutou Dochers - Bumps-jima wa Oosawagi (Japan)
94C1D85C	Jikkyou Power Pro Wrestling '96 - Max Voltage (Japan)
94C83779	Dokapon 3-2-1 - Arashi o Yobu Yuujou (Japan) (Rev 1)
94CA42BF	Rockman X (World) (Ja) (Mega Man X Legacy Collection)
94D28FF9	Super Aleste (Japan)
94DA9BD9	Pink Goes to Hollywood (Europe)
94EAE7E4	Wayne's World (Europe)
94FD16A5	Super Putty (Europe)
950696D9	Pop'n TwinBee (USA, Europe) (Switch Online)
9516BF39	Metal Max 2 (Japan)
9526D1AA	Super Buster Bros. (USA) (Rev 1)
95310032	Itadaki Street 2 - Neon Sign ha Barairo Ni (Japan)
953434D3	Super Adventure Island II (USA) (Beta)
9540E59D	Brain Lord (Japan)
954340F8	Dig & Spike Volleyball (USA)
95487DCE	Aoki Densetsu Shoot! (Japan) (Beta)
956E183C	Beauty and the Beast (USA)
95724A2F	Uncharted Waters (USA)
9572E3AD	Super Black Bass 2 (Japan)
9582F89F	Bubsy II (World) (Steam)
958D5A56	Lion King, The (USA) (Beta 4)
959DB484	Super Fire Pro Wrestling X (Japan)
95B65DFE	Itchy & Scratchy Game, The (USA)
95C8491F	Sydney Hunter and the Caverns of Death (World) (v1.1) (Evercade)
9624E6ED	America Oudan Ultra Quiz (Japan)
9627CCAD	Super Mahjong Taikai (Japan) (Rev 2)
9654194D	Little Magic (Japan)
96717F64	Militia (Japan)
9684526D	Romancing Sa-Ga (Japan) (Rev 1)
9699E23C	Porky Pig's Haunted Holiday (USA) (Beta 5)
96A4D1C0	Equinox (USA)
96B0C568	Adventures of Batman & Robin, The (Europe)
96BD588B	Puzzle Bobble (Japan)
96CFA5C9	Final Fantasy II (USA, Europe) (Rev 1) (Virtual Console)
96DEC679	Lothar Matthaeus Super Soccer (Germany)
96F948CB	Wild Guns (Japan)
9708ABE3	NFL Quarterback Club 96 (Europe)
971E74BA	Super Air Diver (Japan)
972E5F42	Metal Marines (World) (Evercade)
97357A1B	Street Sports - Street Hockey '95 (USA)
9743DC0E	Trials of Mana (World) (En) (Collection of Mana)
9743E190	Majin Tensei (Japan) (Rev 1)
974523FF	Terranigma (Europe)
975766D5	Heiwa Pachinko World 2 (Japan)
97727818	Natsuki Crisis Battle (Japan)
978DC1CA	Super Fire Pro Wrestling III - Final Bout (Japan) (Rev 1)
97A10846	Mega Man X (World) (En) (Mega Man X Legacy Collection)
97AE0DF4	Super Black Bass 3 (Japan) (Rev 1)
97FE05E5	Mortal Kombat II (USA) (Rev 1) (Sample)
981E7001	New Super Mario Land (World) (v1.3)
9826771B	Zan III Spirits (Japan)
98455315	Wolverine - Adamantium Rage (USA) (Beta)
9854063B	Sporting News, The - Baseball (USA) (Beta)
987A96D0	Serizawa Nobuo no Birdie Try (Japan)
98A650DB	Supplication (World) (Proto)
98A96AE8	Double Dragon V - The Shadow Falls (USA)
98AF5DE4	Pac-In-Time (Europe) (Beta)
98B07DB8	Addams Family Values (USA) (En,Fr,De)
98BB6853	Dragon Quest I & II (Japan)
98C974BE	War 3010 - The Revolution (USA)
98D7611E	Scooby-Doo Mystery (USA)
98E2AC15	Alien 3 (USA)
98E5AA9E	Super Mario All-Stars (Europe) (Virtual Console)
98EF8414	Championship Pool (USA)
98F76260	Ginga Sengoku Gunyuuden Rai (Japan)
98FE54D4	Super Mario Bros. (World) (REV-C) (NES Conversion)
99276EAA	From TV Animation Slam Dunk - Shuueisha Limited (Japan)
992B16B3	Ring Dash (World)
9932FA99	Yokoyama Mitsuteru Sangokushi 2 (Japan)
99331ECB	Miracle Piano Teaching System, The (USA)
995CC0A3	Kirby's Dream Course (Europe)
99627BB0	X Zone (Japan, USA) (En)
99A1F158	Battle Dodge Ball (Japan)
99B152BF	Utopia - The Creation of a Nation (World) (Evercade)
99BD1FE1	King Arthur's World (USA)
99CB2058	Super Star Wars (Japan)
99F8D70B	Pocky & Rocky (Europe) (Beta)
9A0532B7	Ignition Factor, The (USA) (Beta)
9A14C57D	Cool Spot (USA) (Beta)
9A18290C	Go Go Ackman 3 (Japan)
9A1AEA39	Ganbare Goemon 3 - Shishi Juurokubee no Karakuri Manjigatame (Japan) (Beta)
9A245FA3	Star Trek - Deep Space Nine - Crossroads of Time (USA)
9A30C538	Parame ROM Cassette Vol. 4 (Japan)
9A396EC5	DuckTales (World) (Beta 1) (NES Conversion)
9A502573	Super Smash T.V. (Europe)
9A5F2955	Ou-chan no Oekaki Logic (Japan)
9A8178BF	Yoshi's Safari (Europe)
9A8618D6	Super Adventure Island (Europe)
9A984974	DSP2 (World) (Enhancement Chip)
9AA13682	Firearm (USA) (Proto)
9AB3EB18	Kidou Senshi Gundam - Cross Dimension 0079 (Japan)
9ABC58E2	Jack Nicklaus Golf (USA)
9B040C00	Zen-Nihon Pro Wres 2 - 3-4 Budoukan (Japan)
9B1EA779	Fever Pitch Soccer (Europe) (En,Fr,De,Es,It)
9B241DE4	Mega Man III (World) (REV-C) (NES Conversion)
9B306E64	Dragon Slayer - Eiyuu Densetsu (Japan) (Rev 1) (NP)
9B344A9A	Jet Pilot Rising (World) (De)
9B386875	Super Puyo Puyo (Japan) (Rev 1)
9B40082D	Knights of the Round (Europe)
9B4CA911	SuFami Turbo (Japan)
9B5D585D	Baby T-Rex (USA) (Beta)
9B68248E	F-1 Grand Prix - Part III (Japan)
9B846E8C	Breath of Fire II - Shimei no Ko (Japan) (Rev 1)
9B855ED0	First Samurai (Europe) (Beta)
9B9F3F71	Super Momotarou Dentetsu III (Japan) (Rev 2)
9BA1F895	Kessen! Dokapon Oukoku IV - Densetsu no Yuusha-tachi (Japan)
9BB76902	Jammes (Japan)
9BE46820	Realm (Europe)
9BF79A7D	Pinball Pinball (Japan)
9BFA7045	Jissen! Pachi-Slot Hisshouhou! 2 (Japan)
9C1E576A	Wayne Gretzky and the NHLPA All-Stars (USA) (Beta)
9C1F11E4	Super Bomberman 2 (USA)
9C365CAE	Super Battleship (Europe)
9C59DDFF	Street Fighter Alpha 2 (USA)
9C7CF22D	Mario's Time Machine (Europe)
9C9F7061	Lucky Luke (Europe) (En,Fr,De,Es) (Beta)
9CCE2EB7	Alien 3 (USA) (Rev 1)
9CD27606	Battle Cars (World) (Evercade)
9CDBB2F8	FIFA Soccer 97 (USA) (En,Fr,De,Es,It,Sv)
9CE7D5BA	Batman Returns (USA) (Beta)
9D0F5F98	Emerald Dragon (Japan)
9D291732	Drakkhen (Germany)
9D3E313F	Operation Starfi5h (Europe)
9D4E6D2F	Sure Instinct (World) (v1.0.2)
9D5CE088	Civilization - Sekai Shichi Daibunmei (Japan)
9D5EA7F5	Koutetsu no Kishi 2 - Sabaku no Rommel Gundan (Japan)
9D5FEB20	SimAnt (USA) (Beta)
9D7BD920	Dual Orb - Seirei Tama Densetsu (Japan)
9D840D0B	Spider-Man - Venom - Maximum Carnage (World) (Marvel MaXimum Collection)
9D89BD3A	Thoroughbred Breeder II (Japan)
9DA23B4A	Game Saver (Europe) (v1.6)
9DAB5AB1	Kat's Run - Zen-Nihon K-Car Senshuken (Japan)
9DBC2330	Dirt Trax FX (Europe)
9DDE5CEA	Speedy Gonzales in Los Gatos Bandidos (USA) (Beta 1)
9DF29605	Incredible Hulk, The (Europe)
9DFC8897	Ultimate Fighter (USA)
9E50509F	Magic Sword (Europe)
9E6A60E9	Super Power League 2 (Japan) (Rev 1)
9E743DE3	Kick Off (Europe) (Beta)
9E772B8F	Card Master - Rimusaria no Fuuin (Japan)
9EA4AD6F	Aoki Densetsu Shoot! (Japan)
9EB5C153	Pachi-Slot Monogatari - PAL Kougyou Special (Japan)
9EBFE809	Brett Hull Hockey 95 (USA)
9EC5C2C2	Might and Magic II (USA) (Proto 2)
9ECB0FE6	Super Bomberman 3 (Japan)
9ED6F34D	Arcana (USA) (Beta)
9ED82C00	Dear Boys (Japan)
9ED8F6B3	Nintama Rantarou 3 (Japan)
9EDC5A7D	Desert Fighter - Suna no Arashi Sakusen (Japan)
9EE3835D	Bram Stoker's Dracula (Europe)
9EF83223	Where in the World Is Carmen Sandiego (USA) (En,Fr,De,Es,It)
9F14E993	Parame ROM Cassette Vol. 3 (Japan)
9F279963	Total Football (Europe) (En,Fr,De) (Proto)
9F2A7CA7	Nintendo Power Menu Program (Japan) (Rev 1) (NP)
9F2BA6A9	Battle Blaze (USA) (Beta 1)
9F2C2633	DoReMi Fantasy - Milon no Dokidoki Daibouken (Japan)
9F6D0228	Human Grand Prix III - F1 Triple Battle (Japan) (En)
9F717D76	Gourmet Sentai Barayarou (Japan)
9FA74067	Art of Fighting (USA)
9FAB69FC	Pit-Fighter (USA)
9FC62BCC	Pac-Man 2 - The New Adventures (USA)
9FD460A4	Captain Novolin (USA) (En,Fr,Es)
9FE1B94A	Pikiinya! (Japan)
9FEA854D	Bomberman B-Daman (Japan)
9FEF223D	Puggsy (USA) (Proto)
A002EDA1	Tecmo Super NBA Basketball (USA) (SNS-NA)
A00BC05E	Super Ghouls 'N Ghosts (Europe)
A012D1AD	Roger Clemens' MVP Baseball (USA) (Rev 1)
A02C0E1E	Marmalade Boy (Japan) (Beta)
A0525B9C	Flashback (Europe) (En,Fr,De)
A061287F	R-Type III (USA) (Virtual Console)
A0677D80	Axelay (USA) (Sample)
A087B6AD	Brandish (Japan)
A08AC8E6	Super Mario All-Stars (USA) (Virtual Console)
A096A6E5	Super Bomberman 3 (Europe)
A0972C36	King Arthur's World (Europe)
A099290A	Ultra Seven (Japan) (Beta)
A09A7D88	Hakunetsu Pro Yakyuu '93 - Ganba League (Japan) (Beta)
A0A9F044	Tatakae Genshijin 3 - Shuyaku wa Yappari Joe & Mac (Japan)
A0BE8E71	Super Donkey Kong 2 - Dixie & Diddy (Japan)
A0BFD8E9	Mickey no Magical Adventure (Japan)
A0F80C02	Newman Haas IndyCar featuring Nigel Mansell (USA)
A12DBCE4	Teenage Mutant Ninja Turtles - Turtles in Time (Japan) (The Cowabunga Collection)
A1306F3B	Kick Off (Europe)
A14C3DBC	Lethal Weapon (USA)
A166F057	Chaos Drop (Europe) (Proto 1)
A1684685	JRA PAT (Japan) (TJCJ)
A1684B6C	Dokapon Gaiden - Honoo no Audition (Japan)
A16CC0A7	Saikousoku Shikou Shougi Mahjong (Japan)
A183192E	Super Pinball - Behind the Mask (USA)
A1981915	Pro Soccer (Japan)
A1BB9B20	Super Mario Collection (Japan) (Rev 1) (Super Mario Collection - 25th Anniversary)
A1BF047B	Hissatsu Pachinko Collection (Japan)
A1C28940	SimCity 2000 - The Ultimate City Simulator (Europe)
A1EBB364	Pachinko Tetsujin - Nanaban Shoubu (Japan)
A206384C	Rock N' Roll Racing (Japan)
A20BE998	Top Gear 3000 (USA)
A20FBB88	Makeruna! Makendou 2 - Kimero! Youkai Souridaijin (Japan)
A21FB1D5	Hanguk Pro Yagu (Korea)
A220C6D5	Gangan Gan-chan (Japan)
A22DF36E	Jurassic Park (USA) (Beta)
A2315A14	Super Noah's Ark 3D (USA)
A2381221	Super Caesars Palace (USA)
A24944E4	Joushou Mahjong Tenpai (Japan)
A24F85FF	Wrecking Crew '98 (Japan)
A251501B	Tchou (World) (NEO Compo 2012)
A251B8BF	Pagemaster, The (USA) (Beta 3)
A26DC1DE	Cosmo Gang - The Video (Japan)
A26EBFEF	Fatal Fury 2 (USA)
A27940C1	College Football USA 97 (USA)
A27E2664	ActRaiser (France)
A27F1C7A	Final Fantasy III (USA)
A291000C	Kirby's Dream Land 3 (USA) (Kirby's Dream Collection - Special Edition)
A2A0F40F	Taikou Risshiden (Japan)
A2A811F6	Akumajou Dracula (Japan) (Beta)
A2B15AC4	Equinox (Europe)
A2C6D5FE	Dual Orb - Seirei Tama Densetsu (Japan) (Beta)
A2C7CB5F	Kamen Rider SD - Shutsugeki!! Rider Machine (Japan)
A2D4B003	BASS Masters Classic - Pro Edition (Europe)
A2E60061	Contra III - The Alien Wars (USA) (Virtual Console)
A3096A8E	World Soccer (Japan) (En)
A31D1F58	Alien vs Predator (Europe)
A3203356	Game no Tatsujin (Japan)
A3277C10	Rockman's Soccer (Japan)
A34A97AA	Mega Man IV (World) (REV-E) (NES Conversion)
A350821A	FIFA International Soccer (Europe)
A3876F76	Saturday Night Slam Masters (Europe)
A3890D4F	Super Hockey '94 (Japan) (En)
A39C674E	Soccer Kid (Japan)
A39FD8D8	SimCity (Japan)
A3B745BC	Casper (USA)
A3D40A74	Shin Megami Tensei (Japan) (Rev 1)
A3EE22E5	Street Fighter II Turbo (Europe)
A3F4AF43	Volleyball Twin (Japan) (En)
A423A9D8	Joe & Mac - Caveman Ninja (Europe) (En,Fr,De,Es,It,Nl)
A425A202	Final Fight (Japan)
A427B7E6	Fire Emblem - Monshou no Nazo (Japan) (Rev 1)
A4374771	Jikkyou Powerful Pro Yakyuu '94 (Japan)
A43C5A39	Honkaku Mahjong - Tetsuman II (Japan)
A4437629	Final Fight (Europe)
A45CADD6	Street Fighter II Turbo (USA)
A467C220	Shin Nihon Pro Wrestling Kounin - '95 Tokyo Dome Battle 7 (Japan)
A473148C	Picross NP Vol. 8 (Japan) (NP)
A473B7E4	Jumpin' Derby (Japan)
A47635B4	Kirby's Dream Course (Europe) (Virtual Console)
A47884D0	Warlock (USA)
A499A384	Magical Drop II (USA, Europe) (Switch Online)
A4AB3B33	Breath of Fire II (Europe)
A4B1DD93	NFL Football (Japan) (En)
A4E9B958	Hakunetsu Pro Yakyuu '94 - Ganba League 3 (Japan) (Beta)
A4FBE827	Clue (USA)
A533BC97	Air Management - Oozora ni Kakeru (Japan) (Rev 1)
A5351DB4	Human Grand Prix II (Japan) (En)
A539CBC8	Hakunetsu Pro Yakyuu '93 - Ganba League (Japan)
A56323C1	Bishoujo Senshi Sailor Moon (Japan)
A567957C	Death and Return of Superman, The (USA)
A56EB77A	Mighty Morphin Power Rangers (USA)
A5A3BFBC	WWF Raw (Europe)
A5C0045E	Secret of Evermore (USA)
A5D41D2F	Daibakushou Jinsei Gekijou (Japan)
A5DB02E9	Choujikuu Yousai Macross - Scrambled Valkyrie (Japan) (En)
A5E37609	Dragon Ball Z - Super Butouden 2 (Japan)
A5F59477	Zen-Nihon Pro Wres' - Sekai Saikyou Tag (Japan)
A5F63557	Juusou Kihei Valken (Japan)
A5F6839A	Mask, The (Europe)
A5FAEFAA	Keiba Eight Special (Japan)
A614D268	P.T.O. II - Pacific Theater of Operations (USA)
A62B84FF	ClockWerx (Japan)
A638BEF1	Seifuku Densetsu - Pretty Fighter (Japan)
A644416F	Super Nobunaga no Yabou - Zenkoku Ban (Japan)
A6579E03	seaQuest DSV (USA)
A690CF68	Jungle Book, The (World) (Disney Classic Games)
A6AD6B0F	Super Air Diver 2 (Japan) (En)
A6BB5A7A	Las Vegas Dream in Golden Paradise (Japan)
A6C98FFE	Daikaijuu Monogatari II (Japan)
A6D82435	Romancing Sa-Ga (Japan)
A6DC166B	Dragon Ball Z - Hyper Dimension (France)
A6E028C2	Muscle Bomber - The Body Explosion (Japan)
A6F0693D	Rushing Beat (Japan)
A7295784	Sword Maniac (Japan)
A7569E6D	Little Master - Nijiiro no Maseki (Japan) (Beta)
A76144A2	Ultra Baseball Jitsumei Ban 2 (Japan) (Beta)
A7677E65	Casper (Europe)
A7689FC4	Mega Man X (USA) (Capcom Town)
A7813943	King of Fighters 2000, The (USA) (Pirate)
A78DE923	Mike Tyson's Punch-Out!! (World) (REV-B) (NES Conversion)
A79C7E7F	Super Star Wars - Return of the Jedi (Europe) (Rev 1)
A7A22A40	Wing Commander (Europe)
A7A4BE9B	ESPN Baseball Tonight (Europe)
A7A54043	Time Trax (USA) (Beta)
A7AD3E5D	Aladdin (Germany)
A7D31544	Madden NFL '94 (Europe)
A7D7E1D5	Ganbare Goemon - Yuki Hime Kyuushutsu Emaki (Japan) (Rev 2) (Virtual Console)
A7DA7773	Hori GameCube Controller Test (Japan) (En)
A7E58592	Stone Protectors (USA)
A7F0652F	Jack Nicklaus Golf (Europe)
A7F8D832	Fatal Fury Special (Europe)
A8119995	Sakurai Shouichi no Jankiryuu Mahjong Hisshouhou (Japan)
A81657D3	Mortal Kombat (Europe)
A81F9778	Pitfall - Maya no Daibouken (Japan) (En)
A83AB04D	Super Kyuukyoku Harikiri Stadium (Japan)
A895E8F2	Super Aleste (Japan) (Beta)
A8A2359D	Magical Quest Starring Mickey Mouse, The (USA) (Beta 3)
A8A85C55	Nichibutsu Collection 1 (Japan)
A8B868A0	XBAND (USA) (v1.0.1)
A9014E12	GP-1 - Part II (USA)
A905A565	NBA All-Star Challenge (USA)
A916E708	Final Fight 3 (USA)
A92F1505	Addams Family, The - Pugsley's Scavenger Hunt (USA) (Beta 2)
A931C7C9	Leading Company (Japan)
A94A47BE	Tintin - Prisoners of the Sun (Europe) (En,Fr,De,Es)
A953A1DE	Sutobasu Yarou Show (Japan)
A95BEF02	Jimmy Connors Pro Tennis Tour (Japan) (En)
A95C1FFF	Cameltry (Japan)
A967A041	Riddick Bowe Boxing (USA)
A9764A20	Pierre le Chef is... Out to Lunch (Europe)
A978B36F	Outlander (USA)
A98F24E1	Nage Libre - Seijaku no Suishin (Japan)
A99BDD9A	Mr. Nutz (USA) (En,Fr)
A9A1836A	Riddick Bowe Boxing (Japan) (En)
A9C26CA1	Pachi-Slot Kanzen Kouryaku - Universal Shindai Nyuuka Volume 1 (Japan)
A9CC0A74	Pro Sport Hockey (USA)
A9D604EA	Chavez (USA) (Es)
A9E67214	Cliffhanger (Europe)
A9F78E92	Super Soukoban (Japan)
A9FCFD53	VS. Collection (Japan)
AA0A7C43	Super Uno (Japan) (Rev 1)
AA0E31DE	F-Zero (USA)
AA230732	Super Mario All-Stars (USA, Europe) (Switch Online)
AA2B7692	From TV Animation Slam Dunk 2 - IH Yosen Kanzen Ban!! (Japan)
AA2D5C55	Tower Dream (Japan)
AA44287C	Speed Racer (USA)
AA507855	Teitoku no Ketsudan (Japan)
AA58A166	Final Fight 3 (Europe)
AA5D8DB3	Super Sudoku (World) (Beta 1)
AA69EF05	Goof Troop (Germany)
AA6EE29C	Lethal Enforcers (Europe)
AA760FEC	Super Baseball Simulator 1.000 (USA)
AA79FA33	Dungeon Master (Japan) (Rev 1)
AAA82126	Knights of the Round (USA)
AAD3A72D	ACME Animation Factory (Europe)
AAE842D2	SD The Great Battle - Aratanaru Chousen (Japan)
AAF45E59	Heiwa Parlor! Mini 8 - Pachinko Jikki Simulation Game (Japan)
AB124BE7	Bubsy in - Claws Encounters of the Furred Kind (Germany) (En)
AB43E910	Brandish 2 - Expert (Japan)
AB48D27A	Tiny Toon Adventures - Buster Busts Loose! (USA)
AB57A2F9	Magic Boy (USA)
AB5A9E40	Dream T.V. (USA)
AB628C0C	Marvel Super Heroes - War of the Gems (Japan)
AB7D2076	World Soccer (Europe) (Proto)
AB82EBBE	Miracle Girls - Tomomi to Mikage no Fushigi Sekai no Daibouken (Japan)
AB893412	Dragon View (USA)
ABA0A671	Lode Runner Twin - Justy to Liberty no Daibouken (Japan)
ABAAFF79	Nightmare Busters (World) (Super Fighter Team)
ABBC185D	Street Fighter II Turbo (Europe) (Rev 1)
ABCF026E	Madden NFL 97 (USA)
AC0F2C23	Marvel Super Heroes in War of the Gems (Europe)
AC124DB3	Clay Fighter 2 - Judgment Clay (World) (Evercade)
AC19B8F4	Super 20 Hab (Korea) (Pirate)
AC212C51	Sougou Kakutougi - Astral Bout 2 - The Total Fighters (Japan)
AC2E485C	Aero the Acro-Bat 2 (USA) (Beta)
AC443D87	Brain Lord (USA)
AC5116D9	Krusty's Super Fun House (USA) (Rev 1)
AC84EA0C	Great Battle Gaiden 2, The - Matsuri da Wasshoi (Japan) (Beta)
AC8E409E	Mega Man (World) (REV-B) (NES Conversion)
AC933465	Terminator 2 - Judgment Day (Europe) (Beta)
AC94F94A	Game Genie (USA) (v2.0)
ACA397E8	Cybernator (USA) (Beta)
ACB31F2A	Captain America and the Avengers (Europe)
ACBCAE7C	Super Star Wars (USA)
ACBEF43D	Jissen Pachi-Slot Hisshouhou! Twin (Japan)
ACC3E8F3	Super Full Metal Planet (Europe) (En) (Proto)
ACC4D648	Super Bomberman (USA) (Beta)
ACCB5950	Vegas Stakes (Europe)
ACD0E8E6	World Heroes 2 (USA) (Beta)
ACFDB7B8	Ogre Battle - The March of the Black Queen (USA)
AD266CE7	Final Fight 2 (Europe) (Virtual Console)
AD26CC9E	Choplifter III - Rescue-Survive (Japan) (En)
AD2CBF9C	Super Metroid (Europe) (En,Fr,De)
AD2DC53A	War 2410 (USA)
AD2EFFC3	BlaZeon (Japan) (En)
AD324F9D	Kabuki Rocks (Japan)
AD3CD5E6	International Tennis Tour (USA)
AD3EC05C	Super Famicom Box 4S Attraction (Japan)
AD4AD163	3x3 Eyes - Juuma Houkan (Japan)
AD5B0417	Jikkyou Powerful Pro Yakyuu 3 - '97 Haru (Japan)
AD668A41	Star Fox (Japan) (Rev 1)
AD70FAF2	NHLPA Hockey 93 (Europe)
AD80E50E	Battle Commander - Hachibushuu, Shura no Heihou (Japan)
AD949134	Hammerlock Wrestling (USA) (Beta)
AD99D806	Emit Vol. 2 - Inochigake no Tabi (Japan)
ADA27D91	Stardust Suplex (Japan)
ADA6A87F	Puzzle Bobble - Bust-A-Move (Europe) (Rev 1)
ADAC8EFF	Timeslip (Europe)
ADB7731B	NFL Football (USA)
ADCB72AC	Shooter (USA) (Proto)
ADDE8D79	Ganbare Goemon - Yuki Hime Kyuushutsu Emaki (Japan)
ADE02A40	Otoboke Ninja Colosseum (Japan)
ADE6E0D8	Spectre (USA)
ADE7B968	Dragon Ball Z - Super Saiya Densetsu (Japan) (Rev 1)
ADF4FFCE	RapJam - Volume One (USA) (En,Fr,Es)
ADFC4165	Putty Moon (Japan) (En)
AE066C31	Europe Sensen (Japan)
AE2B4567	Strike Gunner S.T.G (Japan) (En)
AE38ADB6	Addams Family Values (Europe) (En,Fr,De)
AE4DFED0	Garou Densetsu - Shukumei no Tatakai (Japan) (Rev 1)
AE6B73F0	Picachu - Pocket Monsters (USA) (Pirate)
AE782895	Classic Road II (Japan)
AE78B20E	Tiny Toon Adventures - Wild & Wacky Sports (Europe)
AE7F2B0D	Hyper Iria (Japan)
AE878CCB	Spider-Man - X-Men - Arcade's Revenge (USA)
AE9F3602	Tokimeki Memorial - Densetsu no Ki no Shita de (Japan) (Rev 1)
AEA31AAB	Kessen! Dokapon Oukoku IV - Densetsu no Yuusha-tachi (Japan) (Beta 1)
AEA63622	Tecmo Super NBA Basketball (Europe)
AEBADCEF	Lemmings (Europe)
AED8892A	Rampart (USA)
AEE90A85	Kyle Petty's No Fear Racing (USA)
AF2A3DFE	Pipe Dream (Japan)
AF415C24	Ganpuru - Gunman's Proof (Japan)
AF4D4439	Stargate (Europe) (En,Fr,De)
AF56D062	Pikiinya! (Japan) (Beta)
AF5703EE	Fushigi no Dungeon 2 - Fuurai no Shiren (Japan)
AF571267	George Foreman's KO Boxing (USA)
AF5A3203	Exhaust Heat (Europe)
AF7C1A95	Warlock (USA) (Beta 1)
AF821FD0	Super Turrican 2 (Europe)
AF8F4DB9	Wonder Project J - Kikai no Shounen Pino (Japan)
AF984BC1	Ganbare Goemon 3 - Shishi Juurokubee no Karakuri Manjigatame (Japan) (Rev 2)
AFBEE7B1	WWF WrestleMania - The Arcade Game (Japan) (En)
AFD0D62F	Super Gussun Oyoyo (Japan) (Beta 1)
AFD45D27	Zoop (Europe)
AFE72FF0	Tiny Toon Adventures - Wacky Sports Challenge (USA)
B0150052	Top Gear (Europe)
B01EE410	Shinseiki Odysselya (Japan)
B02DAF39	Rock 'N' Roll Racing (Europe)
B035EC54	Hiryuu no Ken S - Hyper Version (Japan)
B0553AA8	Street Fighter II Turbo (USA) (Rev 1) (Virtual Console)
B068407D	Classic Kong (World)
B069BB3A	Secret of Mana (Germany)
B06B9BF5	Numbers Paradise (Japan) (Rev 1)
B07B2A60	John Madden Football '93 (Europe)
B07CFA91	NCAA Final Four Basketball (USA)
B07FFB8A	Spider-Man - X-Men - Arcade's Revenge (World) (Marvel MaXimum Collection)
B087345B	Mortal Kombat II (USA) (Beta)
B090235A	46 Okunen Monogatari - Harukanaru Eden e (Japan)
B096E82E	Izzy's Quest for the Olympic Rings (Europe)
B09CE083	Prince of Persia (USA) (Beta)
B0A016A2	Drakkhen (Japan)
B0A02734	Axelay (Japan)
B0A3441E	Teenage Mutant Hero Turtles IV - Turtles in Time (Europe)
B0B76A2D	Super High Impact (USA) (Beta 2)
B0C89EC1	Pachi-Slot Gambler (Japan)
B0D48553	Pinocchio (Japan) (Beta 3)
B0E4E48A	Prehistorik Man (Europe) (En,Fr,De)
B0E684CC	Wile E's Revenge (Europe) (Proto)
B0E89CC6	SimCity 2000 - The Ultimate City Simulator (Japan)
B0EC371D	FireStriker (USA) (Beta)
B0FD1854	Bishoujo Senshi Sailor Moon S - Jougai Rantou! Shuyaku Soudatsusen (Japan)
B10B8804	Pitfall - The Mayan Adventure (USA) (Beta)
B1154EC9	Borderline (World)
B117DF8A	Might and Magic II (Germany)
B141EA99	Super Scope 6 (USA)
B144D588	Toy Story (Europe) (En,Fr,De)
B1640D61	ActRaiser (USA) (Arcade)
B17230AE	Taz-Mania (USA) (Rev 1)
B1731446	Gourmet Warriors (USA) (Piko Interactive)
B17E95D4	Mini Yonku Shining Scorpion - Let's & Go!! (Japan)
B1859CA4	Nintendo Scope 6 (Europe)
B18676B2	Star Fox (USA) (Rev 1)
B1899128	Final Fight (Japan) (Capcom Town)
B190D1EA	Nobunaga no Yabou - Tenshouki (Japan)
B19AF7B7	Star Fox 2 (Japan) (Beta 6)
B19C42C0	Troddlers (Japan) (En) (Proto)
B19ED489	Super Mario World (USA)
B1A104E6	Zenkoku Juudan Ultra Shinri Game (Japan)
B1A32FE2	Phalanx (USA) (Beta)
B1D358C8	Mega Man V (World) (REV-E) (NES Conversion)
B1D6A070	Picross NP Vol. 6 (Japan) (Rev 1) (NP)
B1EAAD9E	Earthworm Jim (Europe) (Beta)
B22AD7AE	Super Descentralizado II (Peru) (Es) (Pirate)
B230BD11	Mario's Super Picross (Europe) (Ja) (Virtual Console)
B249401B	First Samurai (Japan)
B24AF648	Super Genjin (Japan)
B24F5C0B	Lagoon (Germany)
B2592EAE	Ka-blooey (USA)
B25F606A	Starwing - Competition (Germany) (Competition Cart)
B264F6D0	Venom - Spider-Man - Separation Anxiety (World) (Marvel MaXimum Collection)
B267576D	Kunio-kun no Dodge Ball Da yo Zenin Shuugou! - Tournament Special (Japan)
B269DEA3	Super Kyoutei 2 (Japan)
B28B2F77	Zelda no Densetsu - Kamigami no Triforce (Japan) (Rev 2)
B28F1B9D	Teenage Mutant Ninja Turtles IV - Turtles in Time (Australia)
B296039C	Donkey Kong Country 2 - Diddy's Kong Quest (Germany) (En,De) (Rev 1) (Virtual Console)
B29A80E7	Operation Logic Bomb - The Ultimate Search & Destroy (World) (Evercade)
B2A081D2	Heiwa Pachinko World (Japan)
B2E7FC76	Gekitou Burning Pro Wres (Japan)
B311DF48	Great Battle III, The (Japan)
B319C546	Bijo to Yajuu (Japan)
B31D35A5	Super Soccer Champ (USA)
B3258F38	Chou Mahou Tairiku WOZZ (Japan)
B344E9A0	Gaia Gensouki (Japan)
B360F7AF	Clay Fighter - Tournament Edition (USA)
B363FC99	Bike Daisuki! Hashiriya Tamashii (Japan)
B367B8B6	Super Bikkuriman (Japan)
B367D0B9	Super Back to the Future Part II (Japan)
B3788AD7	Super Sangokushi (Japan)
B37BBD38	Hisshou Pachi-Slot Fun (Japan)
B380BCD9	Uchuu no Kishi - Tekkaman Blade (Japan) (Beta)
B385345E	Super Mario All-Stars (USA, Europe) (Wii U)
B3925716	We're Back! - A Dinosaur's Story (USA) (Beta)
B3ABDDE6	7th Saga, The (USA)
B3B29718	Super Donkey (Japan) (En) (Proto 1)
B3CD103E	Pit-Fighter (Europe)
B3DA1B1D	F1 Pole Position (USA)
B3EC4FCE	Seiken Densetsu 2 (Japan) (Rev 1) (Virtual Console)
B3EF81F5	Adventures of Batman & Robin, The (USA)
B3F491C6	Pocky & Rocky (Europe)
B3F57CC6	Air Cavalry (Europe)
B3F6009B	Super Double Dragon (Europe)
B41AECCC	King of the Monsters 2 - Next Thing (Japan)
B41FE776	NHL 96 (Europe) (Sample)
B458FDBC	Oscar (Europe)
B473F453	Ranma 1-2 - Akanekodan Teki Hihou (Japan)
B47F5F20	Super Mario World (Europe) (Rev 1)
B48513FE	Super Fire Pro Wrestling 2 (Japan) (Beta)
B48CA238	Starwing (Germany)
B4923E4A	Justice Ninja Casey (World) (Ratalaika Games)
B4C69EDA	Sangokushi III (Japan) (Rev 1)
B4E6DE65	Ring Dash (World) (Demo 2)
B4E8A680	Sword World SFC (Japan)
B4ECD206	Ossu!! Karate-bu (Japan)
B4F64A09	Micro Machines (Europe)
B4FCB68C	Zool (USA) (Beta)
B4FD7AFF	New 3D Golf Simulation - Harukanaru Augusta (Japan)
B50154BC	Slap Stick (USA) (Beta)
B50503A0	Arkanoid - Doh It Again (USA)
B5084D76	Yokozuna Monogatari (Japan) (Rev 1)
B5113CCB	Traverse - Starlight & Prairie (Japan)
B5117ECF	Super Pinball II - The Amazing Odyssey (Japan)
B51D79B4	Shinri Game 3, The (Japan)
B5292147	Yadamon - Wonderland Dream (Japan)
B565F452	Ryuuko no Ken (Japan) (Rev 1)
B5693B18	NBA All-Star Challenge (Europe)
B56EC084	Rin Kaihou Kudan no Igo Taidou (Japan)
B574C939	Undercover Cops (Japan)
B577815D	On the Ball (Europe)
B5799F9C	CutThroat Island (Europe)
B57C9228	Zombies Ate My Neighbors (USA) (Limited Run Games)
B581E100	Clay Fighter (Europe)
B5939FDC	Revolution X (Japan) (En)
B596E496	River City Girls Zero (World) (Zh-Hant) (Steam)
B5A55546	Space Ace (USA) (Beta)
B5A561BB	Virtual Bart (Japan) (En)
B5B147D1	Super Tennis (USA) (Arcade)
B5D92AF4	Super Punch-Out!! (Japan) (NP)
B5DB72B6	Taikyoku Igo - Idaten (Japan)
B5FBAD04	Corn Buster (Europe) (Proto)
B62236A9	Human Grand Prix 2 (Japan) (Beta)
B639D0CD	Gakkou de Atta Kowai Hanashi (Japan) (Rev 1)
B64FFB12	Super Castlevania IV (USA)
B6566944	PGA Tour Golf (USA)
B65B532F	Super Mad Champ (Japan)
B6891571	Super NES Control Deck Tester (Japan) (En) (Rev 1)
B697F8A0	Super Wrestle Angels (Japan)
B6AB0FDD	Quik the Thunder Rabbit (Europe) (Proto)
B6B92AE0	Bishoujo Senshi Sailor Moon SuperS - Fuwafuwa Panic (Japan)
B6C13316	Mickey Mania - The Timeless Adventures of Mickey Mouse (Japan)
B6C6E7F3	NHL 96 (USA)
B6CFA855	Jurassic Park (Europe) (Beta)
B6D94361	Super SWIV (Europe)
B6DBF57B	Arabian Nights - Sabaku no Seirei Ou (Japan)
B6E76A6A	CX4 (World) (Enhancement Chip)
B707B062	Street Racer (USA) (Beta 1)
B708ADD4	Dun Quest - Majin Fuuin no Densetsu (Japan)
B72BF1F2	Battle Robot Retsuden (Japan)
B76C24B2	Mutant Chronicles - Doom Troopers (USA) (Beta 2)
B78BAE0E	Desert Fighter (Europe)
B7A66353	Where in the World Is Carmen Sandiego (Europe) (En,Fr,De,Es,It)
B7AE6B77	Bucket (World)
B7B6BEF7	Haou Taikei Ryuu Knight - Lord of Paladin (Japan)
B7C20C18	CutThroat Island (USA) (Beta)
B7D3E1B8	Qwak (World) (Beta) (No Sound)
B800A4FB	Dharma Doujou (Japan)
B802FC5E	Assault Suits Valken (USA) (Retro-Bit)
B8049E3C	Seiken Densetsu 2 (Japan)
B81828EC	J.League Soccer - Prime Goal (Japan)
B81FABFB	Mega Man II (World) (REV-B) (NES Conversion)
B82E8499	Iron Commando (Europe) (Piko Interactive)
B846B00D	Suzuka 8 Hours (Japan) (En)
B854DF10	Super Birdie Rush (Japan)
B8600893	Mega Man X2 (USA) (Mega Man X Collection)
B87ABC7E	NFL Quarterback Club 96 (Europe) (Sample)
B89F63F8	Redline F-1 Racer (USA) (Beta)
B8A72553	Wizardry I-II-III - Story of Llylgamyn (Japan) (NP)
B8A7B64F	Rushing Beat (World) (Evercade)
B8A87909	Super Sangokushi II (Japan) (Rev 1)
B8A87C29	Shounen Ninja Sasuke (Japan) (Beta)
B8B25F4A	Pachinko Monogatari 2 - Nagoya Shachihoko no Teiou (Japan)
B8BE82C2	Honkaku Shougi - Fuuunji Ryuuou (Japan)
B8C7A417	Gindama Oyakata no Pachinko Hisshouhou (Japan) (Rev 1)
B8CFE377	Contra Spirits (Japan)
B8F5F846	Tetris Battle Gaiden (Japan)
B90696D0	Super Power League 3 (Japan)
B907BB27	Solid Runner (Japan)
B913CDC1	Estpolis Denki (Japan) (Rev 1)
B916334C	Little Master - Nijiiro no Maseki (Japan)
B933D0EE	Super Famista 3 (Japan)
B95DDC44	Irem Skins Game, The (USA)
B95FE0A0	Cannondale Cup (USA)
B9770C4D	Batman Forever (USA) (Rev 1)
B9B9DF06	Planet's Champ TG 3000, The (Japan)
B9BA8544	Itoi Shigesato no Bass Tsuri No. 1 (Japan)
B9BF7990	Urban Strike (USA)
B9C629B0	Mickey Mania - The Timeless Adventures of Mickey Mouse (Japan) (Beta)
B9C82442	Firemen, The (USA) (Proto)
B9CD2FF3	Battle Blaze (Japan) (En)
B9CE2BF7	Breath of Fire - Ryuu no Senshi (Japan) (Rev 1) (Switch Online)
B9D3911E	Lennus - Kodai Kikai no Kioku (Japan)
B9D6269D	Joe & Mac 3 - Lost in the Tropics (Europe) (En,Fr,De)
B9D927DD	Supercooked! (World) (v1.1)
B9DCA26D	Kachou Shima Kousaku - Super Business Adventure (Japan)
B9EF2BC4	Metroid (World) (Beta) (NES Conversion)
BA093E24	Duel, The - Test Drive II (USA) (Beta)
BA1DBA22	Super Nazo Puyo - Rulue no Roux (Japan)
BA2A817C	Umizuri Meijin - Suzuki Hen (Japan)
BA2DD0BC	Pachi-Slot Land - Pachipachi Coin no Densetsu (Japan)
BA2DE054	Tom to Jerry (Japan) (En)
BA5405E1	Pinocchio (USA) (Beta 2)
BA64DA2B	Starwing (Europe) (Rev 1)
BA8F6FBC	Super Castlevania IV (USA) (Virtual Console)
BA902CD5	Kachiuma Yosou Soft - Baken Renkinjutsu (Japan)
BA921443	Cacoma Knight in Bizyland (USA)
BAB26E9C	Packy & Marlon (USA) (En,Fr,Es)
BAC7BF75	Street Fighter II (Japan) (Beta)
BAD1D9B8	Squirrel (USA) (Pirate)
BAF084EE	Gouketsuji Ichizoku (Japan)
BB24ECE5	Magical Quest Starring Mickey Mouse, The (USA) (Rev 1)
BB2684C3	Return of Double Dragon (World) (Evercade)
BB2B8E2E	Looney Tunes - Road Runner (Europe)
BB3421A3	Mike Tyson's Punch-Out!! (World) (REV-C) (NES Conversion)
BB4CD5A4	Thomas the Tank Engine & Friends (USA)
BB624450	Super Goal! (Europe)
BB6A870F	N-Warp Daisakusen (World)
BB6B3B1F	Pac-In-Time (Japan)
BB6C3C54	Pieces (USA)
BB89E67E	Brandish 2 - The Planet Buster (Japan)
BB95BC9F	Makeruna! Makendou (Japan)
BB9D8E56	Ganbare Goemon Kirakira Douchuu - Boku ga Dancer ni Natta Wake (Japan)
BB9F8083	Super Trump Collection (Japan)
BBA55BEC	Jimmy Connors Pro Tennis Tour (Europe)
BBBFF8D8	Tsuri Tarou (Japan)
BBCD16F4	Soccer Shootout (Europe)
BBD678F6	Plok (USA)
BBF1CF8D	Battletoads in Battlemaniacs (Europe)
BC06F982	PowerMonger (Europe)
BC0C9B71	Timecop (Europe)
BC17A73D	Kick Off 3 - European Challenge (Europe) (Beta 3)
BC1A265F	Kakinoki Shougi (Japan)
BC1AE3C2	Final Fight Guy (USA)
BC27BCA6	Chester Cheetah - Wild Wild Quest (USA) (Beta)
BC2E1304	Cool World (Europe)
BC37D603	NHL Pro Hockey '94 (Japan)
BC3DCD9D	Street Fighter II (USA)
BC405DEF	Super Gussun Oyoyo (Japan)
BC5DF071	PGA Tour 96 (USA)
BC6162AE	Fire Emblem - Thracia 776 (Japan) (NP)
BC671E15	Chessmaster, The (USA)
BC955F3B	Dragon Quest V - Tenkuu no Hanayome (Japan)
BC9B4391	Jikkyou Powerful Pro Yakyuu '96 - Kaimaku Ban (Japan)
BCA9AB02	Gradius III (Japan) (En)
BCBABD55	Super Famicom Aging Program Ver. 1.00 (Japan) (En)
BCD59D08	Champions - World Class Soccer (USA) (En,Fr,De,Es)
BCF64CA4	Star Fox 2 (Japan) (Beta 10)
BD037A57	Jungle Book, The (USA) (Beta)
BD0A0C0E	Capcom's MVP Football (USA)
BD342FBA	Earthworm Jim 2 (USA) (Beta)
BD6C8AB1	Kid Klown in Crazy Chase (USA)
BDA2E412	Bebe's Kids (USA)
BDA7DE29	Jeopardy! - Sports Edition (USA)
BDB4DD84	Gamera - Gyaos Gekimetsu Sakusen (Japan)
BDBA1B55	Teenage Mutant Ninja Turtles - Turtles in Time (Japan)
BDC32AD8	Classic Kong Complete (World) (v2.0)
BDF35044	Mahou Poi Poi Poitto! (Japan)
BE08D788	N-Warp Daisakusen (World) (v1.1)
BE13D788	Super Buster Bros. (USA) (Beta)
BE3DE834	First Queen - Ornic Senki (Japan)
BE47F6C6	Super Star Wars (USA) (Rev 1)
BE523800	Sonic Blast Man (Japan)
BE52C486	Supapoon DX (Japan)
BE764D4C	Dai-4-ji Super Robot Taisen (Japan)
BE94E60D	PGA European Tour (Europe)
BE969BFC	Tarzan (USA) (Pirate)
BEA289FC	Jimmy Connors Pro Tennis Tour (France)
BEADFD61	Super Shadow of the Beast (USA) (Proto)
BEB16E2D	Blazing Skies (Europe)
BED9186B	Super Metroid (Japan) (En,Ja) (Virtual Console, Switch Online)
BEE62812	Galaxy Robo (Japan)
BEE9B30C	Actraiser (Japan)
BEEBAFA2	Beethoven - The Ultimate Canine Caper! (USA)
BEEBEF08	RoboCop Versus The Terminator (Europe)
BEF0C5FE	MechWarrior (USA) (Beta 2)
BF1F2E16	Super Formation Soccer 94 - World Cup Final Data (Japan)
BF252997	Super H.Q. - Criminal Chaser (Japan)
BF355DED	Mahjong Touhaiden, The (Japan)
BF3C9314	Great Battle V, The (Japan)
BF4FCDF1	Mr. Nutz (Europe) (En,Fr)
BF5494F2	Heracles no Eikou IV - Kamigami kara no Okurimono (Japan) (Virtual Console)
BF5A26FB	Armored Police - Metal Jack (USA) (Proto 2)
BF7D3209	DuckTales (World) (REV-C) (NES Conversion)
BF8B07A9	Rock & Roll Racing (Europe) (Beta)
BF8FEF7A	Tengai Makyou Zero - Shounen Jump no Shou (Japan)
BF9F622D	Mega Man II (World) (REV-C) (NES Conversion)
BFA7F180	Justice League Task Force (Japan) (En)
BFC15ED9	Flintstones, The - The Treasure of Sierra Madrock (USA) (Beta)
BFC5B2FB	PowerFest 94 (USA) (Competition Cart, 1m points)
BFCC3575	DuckTales (World) (REV-B) (NES Conversion)
BFD26228	Tinhead (World) (Piko Interactive)
BFFCE7C6	Itou Hatasu Rokudan no Shougi Doujou (Japan)
C00F0BC9	Soukou Kihei Votoms - The Battling Road (Japan)
C024F88F	Chuck Rock (USA) (Beta)
C061F0A8	Putty Squad (Europe)
C06DC507	Pro Mahjong Kiwame II (Japan)
C06E6621	Wagyan Paradise (Japan)
C07F099D	Super Power League 4 (Japan)
C0ACC92D	MechWarrior 3050 (USA)
C0AD8FC7	Legend of Zelda, The (World) (REV-H) (Digital) (NES Conversion)
C0AECDCA	Shin Kidou Senki Gundam W - Endless Duel (Japan)
C0B632C0	Boxing Legends of the Ring (USA)
C0C35B72	Nuke Your Mum! (World)
C0DA0170	Assault Suits Valken (World) (En) (Switch)
C0E62C02	Appleseed - Prometheus no Shintaku (Japan)
C0FA0464	Final Fantasy III (USA) (Rev 1)
C0FBD6B4	Picross NP Vol. 5 (Japan) (NP)
C1082880	No Escape (USA)
C1281F9B	Harukanaru Augusta 3 - Masters New (Japan) (Rev 1)
C1357473	Cal Ripken Jr. Baseball (Europe)
C157978C	Jaleco Rally - Big Run - The Supreme 4WD Challenge (Japan) (En)
C167987D	Zootto Mahjong! (Japan) (NP)
C17ECBA5	Wizardry VI - Kindan no Mahitsu (Japan)
C19F0876	Bubsy in - Claws Encounters of the Furred Kind (World) (Steam)
C1B5D46A	Majin Tensei (Japan)
C1BC267D	Final Fantasy V (Japan)
C1C4AC32	Skipp and Friends - Unexpected Journey (World) (v1.1)
C1CBA41C	Pro Yakyuu Star (Japan)
C1E2BB56	Ball Bullet Gun (Japan)
C1F68C7A	Garou Densetsu Special (Japan)
C1FFEF17	Samsara Naga 2 (Japan)
C20419EC	Trinea (Japan)
C20720C2	Ganbare Goemon Kirakira Douchuu - Boku ga Dancer ni Natta Wake (Japan) (Rev 2)
C207C7D4	Eyra - The Crow Maiden (World) (Demo 1)
C232AD18	Maerchen Adventure Cotton 100% (USA) (Strictly Limited Games)
C2413BDD	Rejoice - Aretha Oukoku no Kanata (Japan)
C2423607	Tuff E Nuff (Europe)
C2448DDA	Mario Is Missing! (USA) (Beta)
C285C7FF	King of the Monsters (USA)
C28A80F6	Animaniacs (Europe)
C2941881	Dai-3-ji Super Robot Taisen (Japan) (Rev 3)
C2ACD40D	Ruin Arm (Japan)
C2CFF05A	ESPN Speedworld (USA)
C2D10E95	Shounen Ninja Sasuke (Japan)
C2D2150C	Dolucky no Kusayakiu (Japan)
C2E094B5	Power Moves (USA)
C2E91694	Bulls vs Blazers and the NBA Playoffs (USA) (Rev 1)
C3131B49	Metal Combat - Falcon's Revenge (USA)
C33751CC	Super Bases Loaded (USA) (Beta)
C33A22FF	Treasure Hunter G (Japan) (Virtual Console)
C33C01C4	Kero Kero Keroppi no Bouken Nikki - Nemureru Mori no Keroleen (Japan)
C34465A3	Push-Over (Europe) (En,Fr,De,Es) (Beta)
C352D27F	Raiden Densetsu (Japan) (En)
C362C7B1	Unirally (Europe) (Beta)
C367B683	TNN Bass Tournament of Champions (USA)
C386FC22	Hisshou 777 Fighter III - Kokuryuu Ou no Fukkatsu (Japan)
C38BB5BF	Super Koukou Yakyuu - Ikkyuu Nyuukon (Japan)
C3A6CE79	Utopia (Germany)
C3BC16D5	Crash Dummy - Dr. Zabu o Sukuidase (Japan) (En)
C3DD6D9F	Hissatsu Pachinko Collection 3 (Japan)
C402347A	Itchy & Scratchy Game, The (Europe)
C438DDD3	Contra IV - The Alien Wars (USA) (Beta)
C443975E	Battle Robot Retsuden (Japan) (Rev 1)
C46766F2	Super Mario World (Japan) (En) (Arcade)
C469F8F0	Jim Power - The Lost Dimension in 3D (USA)
C489A7A3	Final Fantasy IV (Japan) (Rev 1) (Virtual Console)
C495320A	DinoCity (Europe)
C4972F07	Super Punch-Out!! (Europe) (Beta)
C49D28A4	Magical Pop'n (Japan)
C4B73E75	Kouryuu Densetsu Villgust - Kieta Shoujo (Japan) (Rev 1)
C4DFD188	Super Famista 2 (Japan)
C4F299B5	P-Man (Japan)
C504DDFD	Mega Man X3 (Europe)
C5058634	BASS Masters Classic - Pro Edition (USA)
C510285C	U.N. Squadron (Europe)
C5148840	NBA Pro Basketball - Bulls vs Blazers and the NBA Playoffs (Japan)
C5341764	Darius Twin (USA)
C53B82CD	Super Battletank (Japan)
C54AE0F9	Battle Soccer - Field no Hasha (Japan)
C56D245F	Shien's Revenge (USA) (Beta)
C577AE88	Earth Defense Force (USA) (Beta)
C577D666	Dai-3-ji Super Robot Taisen (Japan) (Rev 2)
C57A6158	Utopia - The Creation of a Nation (USA) (Beta 3)
C5829306	Super Goal! 2 (USA)
C588CD17	Ihatovo Monogatari (Japan)
C592CDEE	Stone Protectors (Japan) (Columbus Circle)
C593EB79	Kirby's Dream Course (USA, Europe) (Virtual Console, Switch Online)
C5A482BD	Super Puyo Puyo (Japan)
C5AC2E72	PGA Tour 96 (Europe)
C5BAB870	Race Drivin' (USA)
C5CB2F26	Secret of Mana (Europe)
C5D12427	Super Genjin 2 (Japan)
C5D1DDB3	Puzzle Bobble - Bust-A-Move (Europe)
C5DAE9B9	Populous II - Trials of the Olympian Gods (Germany)
C5FFEA78	Secret of Mana (World) (Fr) (Rev 1) (Collection of Mana)
C60A4191	Super Bomberman 2 (Europe)
C61A7B88	Super Troll Islands (USA) (Beta)
C62F138E	Dream TV (USA) (Beta 2)
C6373743	Super Off Road (Europe)
C65E0E5B	Nigel Mansell's World Championship Racing (Europe) (Rev 1)
C66723B7	Yo-Yo Shuriken (World)
C6695E34	Mario to Wario (Japan) (En)
C67257D0	Fatal Fury (USA)
C675B93A	Pokemon Stadium (USA) (Pirate)
C6867604	Vortex (Europe) (En,Es)
C6887A9E	Ganbare Goemon 3 - Shishi Juurokubee no Karakuri Manjigatame (Japan) (Rev 2) (Virtual Console)
C68BE22A	Lennus II - Fuuin no Shito (Japan)
C6906F5F	Super Punch-Out!! (Europe)
C6A95816	Hong Kong '97 (Japan) (En,Ja,Zh-Hant) (CM)
C6B67138	Super 4WD - The Baja (Japan)
C6CD0BED	Drakkhen (Europe)
C6FE7F3A	Super Kyoutei (Japan)
C708DB00	Nakajima Satoru Kanshuu - F-1 Hero '94 (Japan)
C709B922	Super Tetris 2 + Bombliss Gentei Ban (Japan) (En)
C709EC69	Super Star Wars - Return of the Jedi (USA)
C70F20BE	Sangokushi III (Japan)
C70F2374	Untouchables, The (USA)
C7168FCB	Hakunetsu Pro Yakyuu - Ganba League (Japan)
C725C96D	Arcade's Greatest Hits - The Atari Collection 1 (USA) (Beta 1)
C736DFC0	Kawasaki Superbike Challenge (Europe)
C739D55D	Radical Psycho Machine Racing (USA) (Beta)
C752F5DF	Action Pachio (Japan)
C788B696	Breath of Fire (USA)
C7939DBF	Umizuri Meijin - Suzuki Hen (Japan) (Beta)
C796E830	Hunt for Red October, The (USA)
C79C123F	Ongaku Tsukuru Kanadeeru (Japan)
C7A0F949	Rocky Rodent (Europe) (Proto)
C7C12A57	Xardion (USA)
C7D84893	Tecmo Super Bowl (Japan) (En)
C7DAA598	MVP Baseball (Japan) (En)
C7EEB640	Sanspo Fishing - Keiryuu Ou (Japan)
C8002453	Super Mario Kart (Japan)
C8098944	Alien Cat 2 (World) (Evercade)
C814E3C2	Clay Fighter (USA)
C819109C	Kingyo Chuuihou! - Tobidase! Game Gakuen (Japan)
C81A7B07	Rocky Rodent (USA)
C8382F39	Aguri Suzuki F-1 Super Driving (Europe)
C8386172	Demon's Crest (Europe)
C85236A4	Youchien Senki Madara (Japan)
C858EAC4	NHLPA Hockey 93 (USA)
C85AA66A	Paperboy 2 (USA)
C85D3BDE	Super Turrican (Europe) (Virtual Console)
C862200D	Ultima VII - The Black Gate (Japan)
C86872D3	Super Buster Bros. (USA)
C879FBC0	Skipp and Friends - Unexpected Journey (World) (PDroms Competition 4.01)
C891B297	Arcana (USA)
C895CE7C	Aretha (Japan) (Rev 1) (NP)
C8A95814	Wing Commander (Germany)
C8B39DA3	River City Girls Zero (World) (Zh-Hans) (Steam)
C8CCA577	Pinball Dreams (USA) (Beta 1)
C8D286C9	Kyuuyaku Megami Tensei (Japan)
C8E80D55	Super Solitaire (USA) (En,Fr,De,Es,It)
C8FBFAA8	Lion King, The (USA)
C9067671	Arcus Spirits (Japan)
C946DCA0	Donkey Kong Country (USA)
C9596C5E	Angelsong (World) (v1.4)
C95B4129	HyperZone (USA)
C97432BF	Super Sudoku (World) (v1.0)
C97D1D7B	Soul Blade (USA) (Pirate)
C985925C	Kikuni Masahiko no Jantoushi Doraou 2 (Japan)
C985F568	Umi no Nushi Tsuri (Japan) (Rev 1)
C98FB63A	Zero the Kamikaze Squirrel (USA) (Limited Run Games)
C997AED1	Aladdin (World) (Disney Classic Games)
C99E174E	Spider-Man (USA)
C9A34685	Teenage Mutant Ninja Turtles (World) (REV-A) (NES Conversion)
C9A8412D	Super Boss Gaiden (World) (v1.2)
C9B16CB2	Super Shanghai - Dragon's Eye (Japan)
C9CF2601	Super Hockey (France) (En,Fr)
C9CF4F3C	Ring Dash (World) (Demo 5)
C9D97B3E	Sengoku Denshou (Japan)
C9E280E5	Hyper V-Ball (Europe) (Beta)
C9E33615	J.League Excite Stage '94 (Japan) (Rev 1)
CA0C6BAE	Trials of Mana (World) (Es) (Collection of Mana)
CA0E041C	Theme Park (Europe) (En,Fr,De)
CA1B24B4	Pro Mahjong Tsuwamono (Japan) (Renkaban)
CA1EB161	Doukyuusei 2 (Japan) (NP)
CA3CEB0A	Mortal Kombat 3 (Europe)
CA42E604	Mazinger Z (Japan) (Beta)
CA46FD3B	Death Brade (Japan)
CA4C0219	Ganbare Goemon 2 - Kiteretsu Shougun McGuiness (Japan)
CA54F001	Super Pang (Japan)
CA5935D0	Secret of Evermore (Spain) (Rev 2)
CA68C5C3	Spanky's Quest (USA)
CA7342CD	True Lies (Germany) (En)
CA7B4DB9	Ys IV - Mask of the Sun (Japan)
CA8BE5E9	Picross NP Vol. 2 (Japan) (NP)
CA8FF946	Earth Defense Force (USA)
CA988F59	Rival Turf! (USA)
CA99DFCF	Super Family Gelaende (Japan) (NP)
CAA15E97	Final Fantasy IV (Japan) (Rev 1)
CAA26E9D	Star Trek - Deep Space Nine - Crossroads of Time (USA) (Beta 2)
CAA9ABF1	Clay Fighter 2 - Judgment Clay (Europe)
CAAD18DC	David Crane's Amazing Tennis (USA)
CAB690A1	World Cup Striker (Japan)
CABD55E6	Top Racer Crossroads (World) (v1.1) (QUByte Classics)
CAC6521F	Socks the Cat Rocks the Hill (USA, Europe) (Second Dimension)
CAD9D8EC	Legend of Zelda, The - A Link to the Past (France) (Beta 2)
CAED3FE4	Tintin in Tibet (Europe) (En,Es,Sv)
CAF035F5	Space Invaders (USA)
CAF432AA	Donkey Kong Country (USA, Europe) (Rev 2) (Virtual Console, Classic Mini, Switch Online)
CB0653D0	Speedy Gonzales - Los Gatos Bandidos (USA) (Rev 1)
CB148365	Sword World SFC 2 - Inishie no Kyojin Densetsu (Japan) (Rev 1)
CB176E45	Super Game Boy 2 (Japan)
CB2738BD	Star Trek - Starfleet Academy - Starship Bridge Simulator (Germany)
CB32C4A0	River City Girls Zero (World) (Switch) (RCG Translation)
CB483EAD	Super Off Road - The Baja (USA)
CB4F87BB	Prehistorik Man (USA) (En,Fr,Es)
CB5301B8	Men in Black (USA) (Pirate)
CB5409FF	T2 - The Arcade Game (Japan)
CB5F6855	Legend of Zelda, The (World) (REV-I) (Digital) (NES Conversion)
CB6D3883	Tom and Jerry (USA) (Beta 2)
CB8480DE	Fatal Fury 2 (USA) (Beta)
CB8A4F8E	Power Instinct (USA)
CBA34E28	Touge Densetsu - Saisoku Battle (Japan) (Beta)
CBA724BA	International Superstar Soccer Deluxe (Europe)
CBAA1A84	Metroid (World) (REV-G) (NES Conversion)
CBC4868E	Adventures of the Rocketeer, The (Japan)
CBC5DA6D	Emit Vol. 3 - Watashi ni Sayonara o (Japan)
CBCD0DAD	Clock Tower (Japan)
CBE02DF3	Sylvester and Tweety (USA) (Proto 1)
CBFDE2D0	Dragon Ball Z - Super Butouden 3 (Japan)
CC1DBC9B	Final Knockout (Japan) (En)
CC24110A	Dream Basketball - Dunk & Hoop (Japan)
CC2E31D4	Wings 2 - Aces High (USA) (Beta)
CC306F93	Super Casino 2 (Japan)
CC3E9C19	Flintstones, The (USA) (Beta)
CC47B8F9	Wolfenstein 3D - The Claw of Eisenfaust (Japan)
CC4EEBF4	Ultima - Runes of Virtue II (USA)
CC665B17	Out of This World (USA) (Beta)
CC68A5FC	Gourmet Warriors (Europe) (Piko Interactive)
CC846DC4	Flintstones, The - The Treasure of Sierra Madrock (Europe)
CCD77B37	Bing Bing! Bingo (Japan)
CCDA70A8	Dennis (Europe)
CCEBB6E8	Mr. Do! (Europe)
CD08725E	Pinball Dreams (USA) (Beta 2)
CD09A892	Flashback (Japan)
CD0A96A1	Street Fighter II (Europe) (Virtual Console)
CD1F04B8	Super Star Fox Weekend (USA) (Competition Cart, Nintendo Power mail-order)
CD2150C8	J.R.R. Tolkien's The Lord of the Rings - Volume 1 (USA)
CD274974	Venom - Spider-Man - Separation Anxiety (Europe)
CD2A1A67	Oomono Black Bass Fishing - Jinzouko Hen (Japan)
CD5E651E	SNES Christmas Game (World)
CD6DBC1C	Soul Blader (Japan)
CD7C58D4	Iron Commando (World) (Steam)
CD80351C	Addams Family, The (Japan)
CD80DB86	Super Mario Kart (USA)
CD89020D	Sailormoon (France)
CD93A39C	Kunio no Oden (Japan) (Beta)
CD973979	Gradius III (USA)
CD989804	Desert Fighter (Europe) (Beta)
CDB03BFB	Super Tennis (Europe) (Rev 1)
CDB590E4	Marvel Super Heroes vs. Street Fighter (USA) (Pirate)
CDE1DFA9	Horizontal Shooter (World) (Demo 1)
CDE3746B	Tecmo Super Bowl (USA)
CDF06655	Boxing Legends of the Ring (USA) (Beta)
CDF463C0	Oscar (USA)
CE14892D	Jungle Book, The (Japan) (En)
CE2EAA41	Cal Ripken Jr. Baseball (USA)
CE3392B1	Tetris 2 (USA)
CE33DCFB	Kirby's Fun Pak (Europe)
CE5C3AF9	Frantic Flea (Europe)
CE74EC97	Space Ace (Europe)
CE7CD57F	Chips Challenge (World) (Itch.io)
CE842C6D	College Slam (USA)
CE90286B	Illusion of Gaia (USA) (Beta 1)
CE9B4051	Super SWIV (Japan) (En) (Beta 2)
CEAAADC2	St. Andrews - Eikou to Rekishi no Old Course (Japan)
CEAAC33D	Wild Guns (Japan) (Beta 2)
CEAF5365	Kidou Senshi Gundam F91 - Formula Senki 0122 (Japan)
CEDF3BA7	Marvelous - Mouhitotsu no Takara-jima (Japan)
CEEB7C32	Doomsday Warrior (USA)
CEF3E26C	Skyblazer (USA) (Beta 1)
CF05DFCE	Pro Mahjong Kiwame III (Japan)
CF0F14D2	Animaniacs (USA)
CF10CC01	Madden NFL 98 (USA)
CF276C80	Power of the Hired (Japan)
CF2C0800	Mahjong Hishouden - Naki no Ryuu (Japan)
CF54F1B2	Darius Twin (Europe)
CF719A93	Soldiers of Fortune (USA)
CF727F64	Mask, The (USA) (Beta)
CF7B57E0	Haisei Mahjong - Ryouga (Japan)
CF824401	S.O.S - Sink or Swim (Europe)
CF8A8DBA	Chou Makaimura (Japan)
CF98DDAA	Super Mario World 2 - Yoshi's Island (USA) (Rev 1)
CFAB3BBA	Adventures of Dr. Franken, The (USA)
CFB44991	Qwak (World)
CFC71E89	Prince of Persia (Japan)
CFE632B9	Ys V - Expert (Japan)
CFE75BCB	Sonic Wings (Japan)
CFED1EA8	Relief Pitcher (USA) (Beta)
CFFAAA21	Blackthorne (USA) (Beta)
CFFD528E	DuckTales (World) (REV-F) (NES Conversion)
D0117D67	ESPN Baseball Tonight (USA) (Beta)
D013316B	GP-1 (Europe)
D0176B24	Secret of Mana (USA)
D01AB6A8	Shounen Ashibe - Goma-chan no Yuuenchi Daibouken (Japan)
D05114C0	From TV Animation Slam Dunk - SD Heat Up!! (Japan)
D054E288	Strike Gunner S.T.G (USA)
D0550624	Al Unser Jr.'s Road to the Top (USA)
D07CFDCB	Pro Football (Japan) (En)
D08C05DF	SimAnt - The Electronic Ant Colony (USA)
D09762FB	Sangokushi Seishi - Tenbu Spirits (Japan)
D0A1BF12	Super Turrican (Europe)
D0AEA27C	Seijuu Maden Beasts & Blades (Japan)
D0D172FA	Bubsy II (USA)
D0DE3012	Speedy Gonzales in Los Gatos Bandidos (Europe) (Proto) (No. 04)
D0E9F4F9	Akumajou Dracula XX (Japan) (Castlevania Advance Collection)
D0FB58DC	Lost Vikings, The (USA) (Beta 1)
D0FCF5F5	Star Fox 2 (Japan) (Beta 5)
D0FF7E9F	Incantation (USA)
D102B4D4	Contra (World) (En) (REV-D) (NES Conversion)
D10439D4	Pro Kishi Jinsei Simulation - Shougi no Hanamichi (Japan)
D1048918	Kendo Rage (USA)
D10C3CFA	Bokujou Monogatari (Japan)
D12D3529	SM Choukyoushi Hitomi Vol. 1 (Japan)
D138F224	Super Mario World 2 - Yoshi's Island (USA)
D16810CD	Pokonyan! - Henpokorin Adventure (Japan)
D18A00CD	DSP1 Tech Demo (World) (Tech Demo)
D1909FFB	Funaki Masakatsu Hybrid Wrestler - Tougi Denshou (Japan)
D190CF58	Eric Cantona Football Challenge (France) (En,Fr,De,Es,It,Nl,Sv)
D19165D9	Home Alone 2 - Lost in New York (USA)
D191AD46	Hanjuku Hero - Ah, Sekai yo Hanjuku Nare...!! (Japan)
D1A1F7E5	Star Trek - The Next Generation - Future's Past (Europe)
D1A90AB4	Barbie - Vacation Adventure (USA) (Proto)
D1AACC2D	Emit Vol. 1 - Toki no Maigo (Japan)
D1AE87BE	Andre Agassi Tennis (USA)
D1B621AC	Monster Maker Kids - Ousama ni Naritai (Japan)
D1C1F675	Street Racer (Japan) (En)
D1DFF807	Super Aoki Ookami to Shiroki Mejika - Genchou Hishi (Japan)
D1E14D4F	Monster Maker III - Hikari no Majutsushi (Japan)
D209FE59	Ronaldinho Soccer 97 (Brazil) (Pirate)
D20D7701	Taekwon-Do (Korea)
D21C6E7E	Super Star Wars - Jedi no Fukushuu (Japan)
D239398F	Ardy Lightfoot (Europe)
D23CA2D7	16 BIT XMAS 2011 - Christmas Craze (World) (Alt)
D2554270	Lagoon (USA)
D2938BDF	Soccer Kid (Japan) (Beta)
D294BB47	Sleep (Japan) (En) (Proto)
D2AF01D4	Humans, The (Europe)
D2B32081	Picross NP Vol. 4 (Japan) (NP)
D2B466F6	R-Type III - The Third Lightning (Japan) (En) (Virtual Console)
D2BE0688	Total Carnage (USA) (Beta 2)
D2E5100A	Bubsy II (USA) (Beta)
D2ED4220	Shadowrun (Europe) (Beta)
D2FB701B	Lamborghini American Challenge (USA)
D2FFABAC	Super Turrican 2 (USA)
D308AA3E	Super Star Wars - The Empire Strikes Back (Europe) (Rev 1)
D3279AAC	Goofy to Max - Kaizoku-jima no Daibouken (Japan)
D343B398	Doraemon 2 - Nobita no Toys Land Daibouken (Japan)
D34C49B7	Top Gear (USA)
D35543C2	WWF Super WrestleMania (Japan) (En)
D36AA90C	Super Nichibutsu Mahjong (Japan)
D379085B	Matsumura Kunihiro Den - Saikyou no Rekishi o Nurikaero! (Japan) (Beta)
D3802A47	Super Battletank 2 (Spain)
D3871866	Houkago in Beppin Jogakuin (Japan)
D39B39EC	Mickey to Minnie - Magical Adventure 2 (Japan) (Beta)
D3FA35AA	EarthBound (USA) (Beta)
D408A404	Pinocchio (Europe) (Beta 3)
D436489B	Arkanoid (Europe)
D43BC5A3	Street Fighter II Turbo (USA) (Rev 1)
D4488768	GP-1 RS - Rapid Stream (Japan) (En)
D44CEB2F	Sotsugyou Bangai Hen - Nee Mahjong Shiyo! (Japan)
D458C07E	Battle Blaze (USA) (Beta 2)
D4874966	Sports Illustrated - Championship Football & Baseball (USA)
D48C8041	NBA Jam - Tournament Edition (Europe)
D498F1D7	Phantom 2040 (USA) (Beta)
D49D0E10	World Class Rugby (Japan) (En) (Beta)
D4A38EE7	DSP3 (Japan) (Enhancement Chip)
D4AF7724	Toy Story (Japan)
D4DC20E1	Natsume Championship Wrestling (USA)
D4EF91CE	Kabuki Chou Reach Mahjong Tonpuusen (Japan)
D4F43F86	Trials of Mana (World) (Fr) (Collection of Mana)
D5063AE0	Super Wagyan Land 2 (Japan)
D531289B	Dragon Ball Z - Super Gokuu Den - Totsugeki Hen (Japan)
D547C5D2	Super Formation Soccer 94 - World Cup Edition (Japan)
D54E1452	Harvest Moon (Europe)
D562233E	Arcade's Greatest Hits - The Atari Collection 1 (Europe)
D56C21A1	Donald in Maui Mallard (Europe)
D56D74B3	Pop'n TwinBee - Rainbow Bell Adventures (Germany) (En)
D57566CF	Street Fighter II (Japan) (Virtual Console)
D575FDFC	Zenkoku Koukou Soccer (Japan)
D5B09EEF	Ancient Magic - Bazoe! Mahou Sekai (Japan)
D5BAE4FF	Demon's Blazon - Makaimura Monshou Hen (Japan) (Beta)
D5CAF96A	Magical Quest Starring Mickey Mouse, The (Europe) (Rev 1)
D5CE2DB5	Wizard of Oz, The (USA)
D5D30C22	Wanderknecht, Der - Jesus ist mein Leben (World) (v1.1)
D5E69DC4	Young Merlin (Europe)
D5E9AF7F	Wing Commander - The Secret Missions (USA)
D5EE329A	Super Street Fighter II (USA) (Rev 1) (Virtual Console)
D5F808CA	Choukou Gasshin Xardion (Japan)
D5FB8C83	Tenryuu Genichirou no Pro Wres Revolution (Japan)
D60A27A6	Donald Duck no Maui Mallard (Japan)
D61B2178	Chaos Engine, The (World) (Evercade)
D6227D35	Harukanaru Augusta 2 - Masters (Japan)
D63831A5	Best of the Best - Championship Karate (Europe)
D63ED5F8	Super Metroid (Japan, USA) (En,Ja)
D6432332	Super Street Fighter II (USA) (Beta 2)
D661E41F	Porky Pig's Haunted Holiday (USA) (Beta 1)
D664DBFA	Mike Tyson's Punch-Out!! (World) (REV-B) (NES Conversion)
D66B9AE5	Koutetsu no Kishi (Japan)
D679058D	Spider-Man - X-Men - Arcade's Revenge (Europe)
D67D507B	Tecmo Super Bowl II - Special Edition (USA)
D68B4BB2	Pinocchio (USA) (Beta 4)
D68D1AB3	Snow White in Happily Ever After (USA)
D695090D	Super Mario RPG - Legend of the Seven Stars (USA, Europe) (Virtual Console)
D6A5984C	Wheel of Fortune - Deluxe Edition (USA)
D6B2606D	Igo Club (Japan) (Rev 2)
D6C60A84	Mickey's Ultimate Challenge (USA)
D6DA408E	Monopoly (USA)
D6E464B7	Dragon Ball Z - Super Butouden (Japan) (Beta)
D6EACBEA	Super Famicom Wars (Japan) (NP)
D6FECE51	Yuujin Janjuu Gakuen (Japan)
D7099BC2	True Lies (Europe)
D7105424	Yokoyama Mitsuteru Sangokushi (Japan) (Rev 1)
D713A74F	MechWarrior (Spain)
D71810E7	Teitoku no Ketsudan II (Japan)
D71E6C3B	Terminator, The (USA)
D73D6C80	World Class Rugby (Europe)
D7415D06	Granhistoria - Genshi Sekaiki (Japan) (Beta)
D7452215	Chinhai (Japan)
D74570D3	Syndicate (USA)
D7576775	Foreman for Real (Japan) (En)
D75F5ABB	Buck Rogers - The Arcade Game (USA) (Beta)
D7875512	Genghis Khan II - Clan of the Gray Wolf (USA)
D79C1EC5	Battle Jockey (Japan)
D7BC8A52	Judge Dredd (Japan) (En)
D7C0CAD3	NBA Live 97 (USA) (Beta)
D7C34122	Super James Pond (USA)
D7CDD5DC	Mega Man II (World) (REV-E) (NES Conversion)
D7D6A0E9	Nakajima Satoru Kanshuu - Super F-1 Hero (Japan)
D7E41218	New 3D Golf Simulation - Harukanaru Augusta (Japan) (Rev 1)
D7E4732F	X-Kaliber 2097 (Europe)
D7E68D2E	Yuuyu no Quiz de Go! Go! (Japan)
D84BDFD5	Chessmaster, The (Europe)
D8583ED7	Unirally (Europe)
D85C1C8F	JB The Super Bass (Japan)
D889DBDF	Koutetsu no Kishi 3 - Gekitotsu Europe Sensen (Japan)
D8939A59	Kunio no Oden (Japan)
D89C8156	Champions - World Class Soccer (Europe) (En,Fr,De,Es)
D8B14E9D	Star Fox 2 (Japan) (Beta 4)
D8C0E0BE	Super Nazo Puyo Tsuu - Rulue no Tetsuwan Hanjouki (Japan)
D8F1BF0E	Light Fantasy II (Japan)
D8F76A84	Harvest Moon (USA) (Beta)
D8FDDD76	Wizardry V - Heart of the Maelstrom (USA)
D90530AC	Warlock (Europe)
D90D7C95	Nakano Kouichi Kanshuu Keirin Ou (Japan)
D910990C	Kishin Douji Zenki - Tenchi Meidou (Japan)
D9119D9B	Wolverine (Japan) (En)
D923C321	Super Ghouls 'N Ghosts (USA) (Beta)
D933BD8D	Battle Blaze (USA)
D93C0DD4	Lufia (Spain)
D93E07A8	Animaniacs (Japan)
D95CA497	Family Dog (Europe)
D9665BBC	Estpolis Denki II (Japan)
D967299D	Iron Commando (Europe) (Proto)
D96B3936	J.League Excite Stage '94 (Japan)
D9879A39	Andre Agassi Tennis (Japan) (En)
D9B5E9CF	Batman Forever (USA)
D9BCE9A7	Creepy Bird (World)
D9C47B04	Jikkyou World Soccer 2 - Fighting Eleven (Japan) (Rev 1) (NP)
D9F5A47A	Pinocchio (Japan)
DA105A27	Nekketsu Tairiku - Burning Heroes (Japan)
DA2AD2FE	Battle Submarine (Japan)
DA52DBC2	Picross NP Vol. 6 (Japan) (NP)
DA5888C7	Sgt. Saunders' Combat! (Japan)
DA5AD200	Super Moero!! Pro Yakyuu (Japan)
DA63D27F	BLT (World) (Demo 2)
DA73211F	U.F.O. Kamen Yakisoban - Kettler no Kuroi Inbou (Japan) (Keihin Ban)
DA8A5AD5	Super High Impact (Japan) (En)
DABC86FB	Libble Rabble (World) (Evercade)
DACCC879	Super Game Boy (Europe) (Beta)
DAD59B9F	Street Fighter EX Plus Alpha (USA) (Pirate)
DAF285A5	Tactics Ogre - Let Us Cling Together (Japan)
DAFED69C	Teitoku no Ketsudan II (Japan) (Rev 1)
DB0814C5	California Games II (Europe) (En,Fr,De)
DB17DCFA	Arabian Nights - Sabaku no Seirei Ou (Japan) (Beta)
DB18153F	Sparkster (Europe) (Beta)
DB518E68	16 BIT XMAS 2012 - Snowball Fight (World)
DB6B9DB1	Miracle Casino Paradise (Japan)
DB71BF4A	Super Fire Pro Wrestling (Japan)
DB8447EB	Joe & Mac - Caveman Ninja (Europe) (En,Fr,De,Es,It,Nl) (Beta)
DBA677EB	Troddlers (Europe)
DBB603D4	Ski Paradise with Snowboard (Japan)
DBBCD010	Hoshi no Kirby Super Deluxe (Japan) (Rev 1)
DBEA7C40	Tony Meola's Sidekicks Soccer (USA) (Beta 2)
DBF4A8AB	Dino Dini's Soccer! (Europe) (En,Fr,De)
DBF76BFD	Battle Master - Kyuukyoku no Senshi-tachi (Japan)
DC0D8CF9	Fire Emblem - Seisen no Keifu (Japan)
DC173550	Sutte Hakkun (Japan)
DC2B90F2	Hana no Keiji - Kumo no Kanata ni (Japan)
DC48EBC3	Hyper Iria (Japan) (Beta)
DC52105F	Wacky Races (Europe) (Proto)
DC57FC0B	Spider-Man (USA) (Beta)
DC5A250B	John Madden Football '93 (USA) (Rev 1)
DC69693F	Williams Arcade's Greatest Hits (Europe)
DC82850E	Super Family Circuit (Japan)
DC8F5734	Adventures of Rocky and Bullwinkle and Friends, The (USA)
DC90A8AB	Phalanx (USA)
DC9BB451	EarthBound (USA)
DCA75893	seaQuest DSV (Europe)
DCADBD80	Warlock (Japan) (En)
DCC702D4	Sensible Soccer - European Champions (Europe) (En,Fr,De,It)
DCD46848	Super Adventure Island (USA)
DCF534F1	Parame ROM Cassette Vol. 2 (Japan)
DCFE0B6B	Fishing Koushien (Japan)
DD0D08BE	Kirby's Ghost Trap (Europe)
DD329F85	S.O.S - Sink or Swim (USA)
DD34E247	King Arthur's World (USA) (Beta 1)
DD49911E	E.V.O. - Search for Eden (USA)
DD505DF7	King of Dragons (USA)
DD5332BB	Moto-X (USA)
DD792499	Hashire Hebereke (Japan)
DD852671	Hayazashi Nidan Morita Shougi 2 (Japan)
DD871511	J.League Excite Stage '95 (Japan)
DDA56921	Yokozuna Monogatari (Japan)
DDB47390	Trials of Mana (World) (De) (Collection of Mana)
DDC49BC1	Ring Dash (World) (Demo 6)
DDD55E27	Shaq-Fu (Europe)
DDDB20AD	Ultima - Kyouryuu Teikoku - The Savage Empire (Japan)
DDE9A760	Mr. Bloopy Saves the World (USA) (Proto 2)
DE112322	Secret of Mana (Europe) (Rev 1)
DE12F893	Timeslip (USA) (Beta)
DE13EC70	Araiguma Rascal (Japan)
DE144411	Final Fight Guy (Japan)
DE2552AD	MechWarrior (France)
DE31D87A	Val d'Isere Championship (Europe) (Rev 1)
DE3262E7	Super Variable Geo (Japan)
DE346477	Nontan to Issho - Kurukuru Puzzle (Japan)
DE40AA12	Genocide 2 (Japan) (En)
DE551746	Brainies, The (Europe)
DE5779A9	Where in Time Is Carmen Sandiego (USA) (En,Fr,De,Es,It) (Beta)
DE5A3EFC	Tetris Battle Gaiden (Japan) (Beta)
DE5F9D73	Hurricanes (Europe)
DE6E4FA7	Urban Strike (Europe)
DE762764	Nosferatu (USA)
DE765AD2	Reactor (Europe) (Proto)
DE8FE3E8	Ren & Stimpy Show, The - Time Warp (USA)
DE9757DB	Ring Dash (World) (v1.1)
DEB387C5	Untitled Racing Game (USA) (Proto)
DED53C64	Mega Man X (USA) (Rev 1)
DEE0CD43	101 Dalmatas (USA) (Pirate)
DEE271AF	Shanghai III (Japan)
DEE4BCB3	Krusty World (Japan) (En)
DEF42945	Mortal Kombat (USA)
DEF45776	Pilotwings (Europe)
DEF665AF	Firemen, The (Europe) (En,Fr,De)
DF2C57AE	SimEarth - The Living Planet (Japan) (Rev 1)
DF6A092D	Pac-Man 2 - The New Adventures (Germany)
DF7200C8	Lemmings 2 - The Tribes (USA)
DF8153D9	Kirby's Dream Course (USA)
DFB821E4	Trials of Mana (World) (En) (Beta) (Collection of Mana)
DFBAC4F2	Super 8 (USA)
DFC1D7DC	Power Lode Runner (Japan) (NP)
DFD01AAB	Dragon View (USA) (Beta)
DFD6385D	Ghost Chaser Densei (Japan)
DFE9CC90	Dai-3-ji Super Robot Taisen (Japan)
DFFB7F28	Atlas, The - Renaissance Voyager (Japan) (Rev 1)
E006D06E	Shuushoku Game (Japan)
E00DF9C5	Jerry Glanville's Pigskin Footbrawl (USA) (Proto)
E00FDC09	Zen-Nihon Pro Wres (Japan)
E013D5B0	Street Racer (Europe)
E0273E0E	Shin Shougi Club (Japan)
E02F9206	Super Aleste (Europe)
E044E0F1	J.League Excite Stage '96 (Japan)
E04B0914	Lion King, The (World) (Ja) (Disney Classic Games)
E06FAE58	Finalset (Japan) (En)
E0AB1F2A	Pinocchio (USA) (Beta 5)
E0ADF929	Samurai Shodown (Europe)
E0AF8150	Winning Post (Japan)
E0B0BBEC	Breath of Fire - Ryuu no Senshi (Japan) (Rev 1)
E0B197EF	Stealth (Japan)
E0DC8AD7	ABC Monday Night Football (USA)
E0EDC33F	Ninja Gaiden Trilogy (World) (REV-A) (NES Conversion)
E0EE681F	World Masters Golf (Europe)
E14128CA	Super Bases Loaded 2 (USA)
E14B00EF	Shaq-Fu (USA) (Beta)
E15384C0	DSP4 (World) (Enhancement Chip)
E155D6F4	2048 (World)
E15941C2	Street Fighter II Turbo (Europe) (Rev 1) (Virtual Console)
E168D085	Secret of Evermore (Europe)
E17626E2	Mask, The (USA)
E17C5C97	Jikkyou Powerful Pro Yakyuu - Basic '98 (Japan)
E1857B0F	NBA Jam (Japan) (En) (Beta)
E190B880	Larry Nixon's Super Bass Fishing (Japan)
E1CCCE49	Archer Maclean's Super Dropzone (Europe)
E2060F4B	Contra Force (World) (Proto 2) (NES Conversion)
E20870EE	RPG Tsukuru - Super Dante (Japan)
E217ABB3	Pinocchio (Europe) (Beta 1)
E2234EFB	Ultima VII - The Black Gate (USA) (Beta)
E2294A8E	Jimmy Connors Pro Tennis Tour (Germany)
E235F0C6	Mickey no Tokyo Disneyland Daibouken (Japan)
E237EC45	Chuck Rock (USA)
E257D574	Kyuuyaku Megami Tensei (Japan) (Rev 1)
E278E9B4	Bubsy II (Europe)
E279EBE3	Super Fire Pro Wrestling Special (Japan)
E27FF2BC	Total Carnage (USA)
E295009F	Magical Quest Starring Mickey Mouse, The (Germany) (Rev 1)
E2B26D99	Captain Tsubasa V - Hasha no Shougou Campione (Japan)
E2B8DA18	Radical Rex (USA)
E2C8E535	Exhaust Heat II - F1 Driver e no Michi (Japan)
E2DBAD76	Speedy Gonzales - Los Gatos Bandidos (USA)
E2E0D6AB	Street Fighter II (USA) (Virtual Console)
E2F92F84	Super Punch-Out!! (USA)
E2FE5DBF	Teenage Mutant Ninja Turtles - Tournament Fighters (USA)
E302D853	Tecmo Super Baseball (USA)
E333354A	Popoitto Hebereke (Japan)
E344627B	Alfred Chicken (Europe)
E3510CB3	Panel de Pon (World) (Ja) (Rev 1) (Virtual Console, Switch Online)
E359F184	DSP1 (World) (Enhancement Chip)
E38228A7	Shin Megami Tensei II (Japan) (Rev 2)
E386D2BE	Yokoyama Mitsuteru Sangokushi (Japan)
E38C4A5B	Battle Tycoon - Flash Hiders SFX (Japan)
E3986DBF	Pirates of Dark Water, The (Europe) (Beta)
E3BF975F	UWOL - Quest for Money (World)
E3D76E79	PowerFest 94 (USA) (Competition Cart, 10k points)
E3DFF03D	Kevin Keegan's Player Manager (Europe) (Demo 1)
E3EF6201	Mighty Morphin Power Rangers - The Movie (USA)
E420E96F	Shadowrun (Germany)
E425BCD7	Gokujou Parodius (Japan) (Beta 1)
E42AE539	Sure Instinct (World) (v1.0.1) (PAL)
E42CA25A	Super Nobunaga no Yabou - Bushou Fuuunroku (Japan) (Rev 1)
E44F42BA	Speedy Gonzales in Los Gatos Bandidos (USA) (Beta 2)
E46C1112	Super Valis - Akaki Tsuki no Otome (Japan)
E476912B	Rockman X3 (Japan)
E47E4AB2	Pachi-Slot Monogatari - Universal Special (Japan)
E4925F15	Adventures of Dr. Franken, The (Europe) (En,Fr,De,Es,It,Nl,Sv)
E4A271BF	Bishoujo Senshi Sailor Moon S - Kurukkurin (Japan)
E4B45FA6	SimEarth - The Living Planet (Japan)
E4BD1859	Legend of Zelda, The (World) (REV-G) (Digital) (NES Conversion)
E4C95654	Sangokushi III (Japan) (Rev 2)
E500C7BA	FireStriker (USA)
E5014292	NBA All-Star Challenge (Japan) (En)
E50BBFB7	Game no Tetsujin - The Shanghai (Japan)
E51A3FCD	Mario Is Missing! (USA)
E51BBAC8	P.T.O. - Pacific Theater of Operations (USA)
E51CD206	Hokuto no Ken 6 - Gekitou Denshouken Haou e no Michi (Japan)
E51FB6F8	Gegege no Kitarou - Fukkatsu! Tenma Daiou (Japan)
E52B9AF6	NBA Give 'n Go (Europe)
E5423EB6	Captain Commando (Japan)
E5539E76	Super Power League 2 (Japan)
E556565A	Super Troll Islands - Shiawase o Ageru (Japan)
E557689F	NFL Quarterback Club 96 (USA)
E5612567	Harukanaru Augusta 3 - Masters New (Japan)
E57505D8	Shougi Saikyou II - Jissen Taikyoku Hen (Japan)
E57583EF	Konpeki no Kantai (Japan)
E57A7819	Snake Blasters (World) (Proto)
E58A6D01	Skuljagger - Revolt of the Westicans (USA)
E59E1096	Kaizou Choujin Shubibinman Zero (Japan) (Columbus Circle)
E5A1ADB8	USA Ice Hockey (Japan) (En)
E5A57B12	Top Racer (Japan) (En)
E5C5990E	Romancing Sa-Ga (Japan) (Rev 1) (Virtual Console)
E5D722B2	Doom (Japan) (En)
E5E84E18	Plok (France) (En,Fr)
E5FAADD2	Redline F-1 Racer (USA)
E60EB6C0	Might and Magic - Book II (Japan)
E611A4DC	Super Baken Ou '95 (Japan)
E6767848	Hurricanes (Europe) (Beta)
E6980711	Carrot Man and The Great Garden Getaway (World) (Proto) (SNESDEV 2025) (PAL)
E6B9A402	Shijou Saikyou no Quiz Ou Ketteisen Super (Japan)
E6C0B5DA	BreakThru! (USA)
E6C51FF7	Ranma 1-2 (Europe)
E6C54883	Magic Boy (Europe) (Beta)
E6C805A7	Okamoto Ayako to Match Play Golf - Ko Olina Golf Club in Hawaii (Japan)
E6D19429	Youkai Buster - Ruka no Daibouken (Japan)
E6EDE101	Exertainment Mountain Bike Rally (USA)
E6F29429	Picross NP Vol. 1 (Japan) (Rev 1) (NP)
E70AA119	Super Double Yakuman II (Japan)
E71B3E72	Super Mario World 2 - Yoshi's Island (Europe) (En,Fr,De) (Rev 2)
E71B7C31	Downtown - Nekketsu Baseball Monogatari - Yakyuu de Shoubu da! Kunio-kun (Japan)
E722E2A7	Mighty Morphin Power Rangers - The Movie (Europe)
E72E8DE3	Raiden Densetsu (Japan) (En) (Beta)
E7339DA0	Zelda II - The Adventure of Link (World) (REV-G) (NES Conversion)
E7551FF0	Derby Jockey 2 (Japan) (Rev 1)
E7559D73	Jikkyou World Soccer 2 - Fighting Eleven (Japan)
E7633A78	Super Siika (World)
E7637817	Res Arcana - Diana Ray - Uranai no Meikyuu (Japan)
E7903D3F	Contra (World) (Ja) (REV-B) (NES Conversion)
E790F52F	Ultima - The Black Gate (USA)
E7A659E0	SM Choukyoushi Hitomi - Bangai Hen (Japan)
E7AADE48	Nosferatu (Japan) (Beta)
E7DF3216	Sonic Blast Man II (Japan)
E7E488D5	Jimmy Houston's Bass Tournament U.S.A. (USA)
E8042EDF	Mega-lo-Mania (Europe) (En,Fr,De)
E80F6B65	Double Dragon V - The Shadow Falls (Europe)
E81203E0	Justice League Task Force (Europe)
E822065C	Brawl Brothers (USA)
E8236AD2	Demon's Crest (USA)
E8359CDB	Kentou Ou World Champion (Japan)
E83A092B	Humans, The (Germany)
E83ECEEA	X-Kaliber 2097 (USA)
E846F7A1	SD F-1 Grand Prix (Japan) (Beta)
E85352D2	WWF Royal Rumble (Japan) (En)
E8559141	Kirby Bowl (Japan) (Virtual Console, Switch Online)
E86CFE8F	Marvel Super Heroes in War of the Gems (USA) (Beta)
E86E3C2D	Ranma 1-2 - Chounai Gekitou Hen (Japan)
E8798F65	Dual Orb II (Japan)
E87BD7EC	Sougou Kakutougi - Astral Bout (Japan)
E87DFDF6	Batman Returns (USA)
E8A6B3D1	Rival Turf (Europe)
E8A7D379	New 3D Golf Simulation - Pebble Beach no Hatou (Japan)
E8CB48AA	Seiken Densetsu 3 (Japan) (Seiken Densetsu Collection)
E8CCC32C	River City Girls Zero (World) (It) (Switch)
E8E7904F	Maka Maka (Japan)
E8ED176E	Kawasaki Superbike Challenge (USA)
E901A947	BioMetal (Europe)
E9066ACB	Power Athlete (Japan) (En)
E91BB876	Mask (Japan) (En)
E92E7EC3	Jikkyou Powerful Pro Yakyuu 3 (Japan) (Rev 1)
E9334B9E	Secret of Mana (France) (Rev 1)
E935886A	F1 Pole Position (Europe)
E945530D	Power Piggs of the Dark Age (USA)
E949D47F	Uchuu Race - Astro Go! Go! (Japan) (En)
E95A3DD7	2020 Super Baseball (Japan)
E96E463C	Full Throttle - All-American Racing (USA) (Beta)
E983B63A	New 3D Golf Simulation - Devil's Course (Japan) (Beta)
E9946B84	Tales of Phantasia (Japan)
E9B4BD73	Ken Griffey Jr.'s Winning Run (USA)
E9BB68C7	Izzy's Quest for the Olympic Rings (USA)
E9D6C61E	True Golf Classics - Waialae Country Club (USA)
E9E676C2	Turn and Burn - No-Fly Zone (Spain)
EA0BFA66	Super Professional Baseball (Japan)
EA0C55BC	Sugoroku Ginga Senki (Japan)
EA16B5A2	Ghoul Patrol (USA)
EA2A23FB	SWAT Kats - The Radical Squadron (USA)
EA2B03F9	Super Drift Out - World Rally Championships (USA) (Proto)
EA3BC44E	Q-bert 3 (Japan) (En)
EA58B25E	Creepy Bird (World) (v1.02) (Digital) (Retro-Bit Generations)
EA6AE8A9	Angelique - Voice Fantasy (Japan)
EA706FF1	RoboCop Versus The Terminator (Europe) (Beta)
EA7ABAD1	Dragon Ball Z - Super Butouden (France)
EA8DF334	Whizz (USA)
EA93AA27	Kick Off 3 - European Challenge (Europe) (Beta 2)
EAAA2C53	Fire Emblem - Thracia 776 (Japan) (Rev 1) (NP)
EAC3358D	ActRaiser (USA)
EAC3E786	Wing Commander - The Secret Missions (Europe) (Beta)
EAEE3A83	Super Full Metal Planet (Europe) (En,It) (Proto 1)
EB0039C4	Metal Combat - Falcon's Revenge (Europe)
EB3943BD	Shadowhawk (USA) (Proto)
EB49F246	Great Waldo Search, The (USA)
EB740641	Kirby Super Star (USA) (Kirby's Dream Collection - Special Edition)
EBA309C0	Daibakushou Jinsei Gekijou - Zukkoke Salaryman Hen (Japan)
EBADC924	Super Robot Taisen Gaiden - Masoukishin - The Lord of Elemental (Japan)
EBC17294	Demon's Crest (USA, Europe) (Switch Online)
EBCC121C	Dynamic Stadium (Japan)
EBEFBDE2	All-American Championship Football (Europe)
EBF08BE8	Maru's Quest (Europe) (Proto)
EC13477E	Hit the Ice - VHL - The Official Video Hockey League (USA)
EC26F75B	Tin Star (USA)
EC2CCAF6	Shin SD Sengokuden - Daishougun Retsuden (Japan)
EC3EDB9E	Angelique (Japan)
EC7A2ED3	Joe & Mac 2 - Lost in the Tropics (USA) (Beta 2)
EC8A48F6	Kirby's Dream Land 3 (USA)
EC8A83B9	Super Game Boy SGB-CPU (World) (Enhancement Chip)
EC8C1CCA	Super Drift Out (Japan) (En)
EC8E8A05	Fire Pro Joshi - All Star Dream Slam (Japan)
EC9104DB	Super Black Bass 3 (Japan)
EC9450D1	Warlock (USA) (Beta 2)
EC96D517	Yu Yu Hakusho (Japan)
ECA2C2D1	Super Donkey Kong (Japan) (Rev 1) (Virtual Console, Classic Mini, Switch Online)
ECB8A53A	Virtual Soccer (Europe)
ECCFF965	Jurl (World) (Proto)
ECDA1F8B	Tsuppari Oozumou - Risshinshusse Hen (Japan)
ECF79841	Super Strike Eagle (USA)
ED1C03C2	Simpsons, The - Bart's Nightmare (USA)
ED62B1DD	Monopoly Game 2, The (Japan)
ED85CA59	Special Tee Shot (USA) (Proto)
ED8BCBF4	Cyber Knight II - Chikyuu Teikoku no Yabou (Japan)
ED91C23F	Super James Pond (USA) (Beta)
ED959CC9	Super Pachinko Taisen (Japan)
ED9AA0E1	Sports Illustrated - Championship Football & Baseball (USA) (Beta 2)
EDA59A2A	Akumajou Dracula (Japan)
EDA70F8A	Feda - The Emblem of Justice (Japan)
EDC2BEFD	Plok (Germany)
EDE4B627	Magic Knight Rayearth (Japan)
EDF476B3	Blackthorne - Fukushuu no Kuroki Toge (Japan)
EDF7EBB9	Controller Test Cassette (Japan) (En)
EE05A1AF	Rockman 7 - Shukumei no Taiketsu! (Japan) (Beta)
EE0C54B5	Jikkyou Powerful Pro Yakyuu 2 (Japan) (Rev 1)
EE13E32D	Pop'n TwinBee (Japan)
EE314AE5	Capcom's Soccer Shootout (USA)
EE38277F	Old Towers (USA)
EE441564	Ignition Factor, The (USA)
EE50159A	Mahjong Gokuu Tenjiku (Japan)
EE56DEDC	Noughts & Crosses (USA) (Possible Proto) (Nintendo Gateway System)
EE590808	Mutant Chronicles - Doom Troopers (USA) (Beta 1)
EE5E1906	Exertainment Mountain Bike Rally + Speed Racer (USA)
EE62AA7E	Akagawa Jirou - Majo-tachi no Nemuri (Japan) (Rev 1)
EE6534B5	Gaia Saver - Hero Saidai no Sakusen (Japan)
EE7F0F80	Nightmare Busters (Europe) (Proto 3)
EE801A54	Gemfire (USA)
EE8F4E7D	Super Rambler (World) (v1.02)
EE92CEB5	Turn and Burn - No-Fly Zone (Europe)
EEA38AED	American Tail, An - Fievel Goes West (USA)
EEAFD816	GunForce (Japan) (En)
EEB4180C	Tiny Toon Adventures - Buster Busts Loose! (Spain)
EEBC4170	Daikoukai Jidai II (Japan)
EEC5A5B1	Edono Kiba (Japan)
EEC6A20F	Jungle no Ouja Tar-chan - Sekaimanyuu Daikakutou no Maki (Japan)
EEE5FC3E	SD Gundam Gaiden - Knight Gundam Monogatari - Ooinaru Isan (Japan) (Rev 1)
EEEDE683	True Golf Classics - Pebble Beach Golf Links (Europe)
EEF45A93	Yu Yu Hakusho 2 - Kakutou no Shou (Japan)
EEF47B5E	Akazukin Chacha (Japan)
EF034532	Kikuni Masahiko no Jantoushi Doraou (Japan)
EF15F4C3	Yoshi's Cookie (USA)
EF4473C0	Lufia & the Fortress of Doom (USA) (Beta)
EF5D7A37	Kid Klown in Crazy Chase (USA) (Beta 2)
EF77535E	Date Kimiko no Virtual Tennis (Japan)
EF7C3B9D	Boogerman - A Pick and Flick Adventure (World) (Evercade)
EF85EB96	Hisshou 777 Fighter - Pachi-Slot Ryuuguu Densetsu (Japan)
EF878419	Tsuyoshi Shikkari Shinasai - Taisen Puzzle Dama (Japan)
EF8A2138	Super Shougi 2 (Japan)
EF94EEC7	PGA Tour 96 (USA) (Rev 1)
EF968ED1	Tecmo Secret of the Stars (USA)
EFA078F5	Shin Mahjong (Japan)
EFAFAB12	Aerobiz Supersonic (USA)
EFC21F71	Blue Crystal Rod, The (Japan)
EFD4D741	Shadowrun (Japan)
EFE9E087	Speedy Gonzales in Los Gatos Bandidos (Europe) (Proto) (No. 14)
EFEBF501	Toys - Let the Toy Wars begin! (USA)
F0202E26	F-15 Super Strike Eagle (Japan) (En)
F0205FED	Gdleen (Japan)
F02DCB37	Bishin Densetsu Zoku (Japan)
F0330184	Claymates (Europe) (Beta) (Alt)
F03C710B	Ultra Baseball Jitsumei Ban 3 (Japan)
F0540D1B	Super Bases Loaded 3 - License to Steal (USA)
F06C34E3	Tecmo Super Bowl III - Final Edition (Japan) (En)
F0810694	3-jigen Kakutou Ballz (Japan) (En)
F09E91A1	Porky Pig's Haunted Holiday (USA)
F0A9DEAD	Holy Umbrella - Dondera no Mubou!! (Japan)
F0C936E5	Onizuka Katsuya Super Virtual Boxing - Shin Kentou Ou Densetsu (Japan)
F0E155DA	USA Ice Hockey (Japan) (En) (Rev 1)
F0E82B14	Tenchi Muyou! - Game Hen (Japan) (Beta)
F0ECDD92	Roger Clemens' MVP Baseball (USA) (Beta)
F105062B	Arcade's Greatest Hits - The Atari Collection 1 (USA) (Beta 3)
F1063FAD	Super Mario - Yoshi Island (Japan) (Rev 2)
F1110FAD	Down the World - Mervil's Ambition (Japan)
F1270406	Top Management II (Japan)
F13002C7	Tiny Toon Adventures - Wild & Wacky Sports (Europe) (Beta)
F13B00B0	Skyblazer (USA)
F1548C77	R-Type III (Europe) (Virtual Console)
F1550F25	Irem Skins Game, The (USA) (Beta)
F159CA70	Galaxy Wars (Japan) (En)
F16D5CE9	Super Street Fighter II (USA)
F1884ECB	Syvalion (Europe)
F194D00A	Aero Fighters (USA)
F1D748B6	Drakkhen (World) (Evercade)
F1D8F5DA	F-Zero (Europe)
F1DCE2B7	Tintin in Tibet (Europe) (En,Fr,De,Nl)
F1F43896	Winning Post 2 - Program '96 (Japan) (Rev 1)
F1F59F0F	Teenage Mutant Ninja Turtles - Mutant Warriors (Japan) (The Cowabunga Collection)
F1F8F87A	Tiny Toon Adventures - Buster Busts Loose! (USA) (Beta)
F20E0C69	Lost Vikings, The (USA) (Beta 2)
F21760DF	Mystic Quest Legend (Germany)
F21C5A9D	Super Alfred Chicken (USA)
F2225203	Game Saver (Europe) (v1.7)
F23BC69E	Mega lo Mania - Jikuu Daisenryaku (Japan)
F253EC83	Shinseiki Odysselya II (Japan)
F254D5CF	Super Conflict (USA)
F27C9C29	Knights of the Round (Japan)
F28358C0	Jissen! Pachi-Slot Hisshouhou! Classic (Japan)
F29F6651	Clock Tower (Japan) (Beta)
F2AB92D4	Metal Warriors (USA)
F2DD3BE4	Space Bazooka (Japan)
F2DD4EBF	Super Hanafuda (Japan)
F2EE11F9	3 Ninjas Kick Back (USA)
F2EE9BC6	River City Girls Zero (World) (Zh-Hant) (Switch)
F34B6AA2	Kagakusha Harley no Haran Banjou (Japan) (En)
F3589B15	HardBall III (USA)
F360E2D9	MazezaM (World) (Proto 2)
F36B620D	Gamars Puzzle (Taiwan)
F37C6726	Tsukikomori (Japan) (Rev 1) (NP)
F3887022	Monstania (Japan)
F3A6C574	Jelly Boy 2 (Japan) (Proto)
F3B356A7	F-Zero (Japan) (En) (Virtual Console, Switch Online)
F3B5CBB1	Cannon Fodder (Europe)
F3B6A9AD	Super Jinsei Game (Japan)
F3C13579	Super Mario - Yoshi Island (Japan) (Beta)
F3C44423	Kamen Rider (Japan)
F3DDF35F	Bounty Sword (Japan)
F3F2AC30	Jigsaw Party (Japan) (Beta)
F3F8A200	Kuusou Kagaku Sekai - Gulliver Boy (Japan)
F400ED21	Pinocchio (USA) (Beta 1)
F409C139	Dragon Slayer - Eiyuu Densetsu II (Japan)
F41E1A5A	Final Fight 2 (Japan)
F42272CB	Super Formation Soccer 96 - World Club Edition (Japan)
F43C155C	Sparkster (Europe)
F43F6743	Axelay (Europe)
F44859AF	Breath of Fire II (USA) (Beta)
F45B15BE	Super Star Wars - The Empire Strikes Back (USA)
F466B51D	Super MIDI Pak (World)
F4830329	Zero the Kamikaze Squirrel (Europe) (Rev 1)
F48DC221	Cal Ripken Jr. Baseball (USA) (Beta)
F493414B	Cybernator (Europe)
F4AB1557	Dragon Ball Z - Hyper Dimension (Japan)
F4BB0888	Space Ace (USA)
F4C10A72	Maerchen Adventure Cotton 100% (Japan) (Columbus Circle)
F4D20413	Bishoujo Wrestler Retsuden - Blizzard Yuki Rannyuu!! (Japan)
F4DEFCAE	Chibi Maruko-chan - Mezase! Minami no Island!! (Japan)
F4F6E449	Porky Pig's Haunted Holiday (USA) (Beta 2) (Subgames)
F52EACD1	Harley's Humongous Adventure (USA) (Beta)
F568579F	Illvanian no Shiro (Japan)
F575F2A0	Super Mario Kart (Japan) (Beta 3)
F57DBA3B	Michael Jordan - Chaos in the Windy City (USA)
F597A111	Thomas the Tank Engine & Friends (Europe)
F5A2A976	Sparkster (Japan) (En)
F5A916C4	MazezaM Challenge DX (World) (En,Fr) (v2.1)
F5AB5D91	RoboCop Versus The Terminator (USA)
F5BFCD90	Popeye - Ijiwaru Majo Sea Hag no Maki (Japan)
F5BFE41E	Ultimate Mortal Kombat 3 (USA)
F5EA8088	Shadowrun (USA) (Beta 3)
F5FFB691	Super Game Boy (Japan, USA) (En) (Beta 2) (Alt)
F605A5E4	Krusty's Super Fun House (Europe) (Rev 1)
F605C0AC	Bulls vs Blazers and the NBA Playoffs (Europe)
F60E933E	Royal Conquest (Japan) (En)
F63EC912	Super Star Wars (Europe)
F64C5AA0	Mario no Super Picross (Japan)
F6628157	Time Trax (USA)
F6643226	Air Management - Oozora ni Kakeru (Japan)
F696D5A9	Naxat Super Pinball - Jaki Crush (Japan)
F69E322A	Final Fight Tough (Japan) (Virtual Console)
F6AD28A3	Eye of the Beholder (Japan)
F6B0EAA9	Revolution X (Europe)
F6B61385	Mega Man IV (World) (REV-C) (NES Conversion)
F6D7210F	Parlor! Parlor! IV CR (Japan)
F6F5EEE2	Ultima - Runes of Virtue II (USA) (Beta 1)
F6F739A9	Mario Is Missing! (Germany)
F7031D41	Super Billiard - Championship Pool (Japan)
F7047C67	Pachinko Maruhi Hisshouhou (Japan)
F716C24D	Dolucky no Puzzle Tour '94 (Japan)
F729B19E	Terminator 2 - Judgment Day (USA)
F73A6E33	Ardy Lightfoot (Japan) (Beta)
F7433E03	Battletoads-Double Dragon (USA, Europe) (Retro-Bit)
F748D9A7	Super Mahjong Taikai (Japan) (Rev 4)
F74ACB48	Super Strike Gunner (Europe)
F7665EAF	Top Racer 2 (World) (Piko Interactive)
F76D73B2	Legend of the Mystical Ninja, The (USA) (Virtual Console)
F77ACA0A	Dark Kingdom (Japan)
F77F160B	Beavis and Butt-Head (Europe)
F787CB9A	Super Momotarou Dentetsu III (Japan)
F78B76E9	Oozumou Spirits (Japan)
F7933734	Radical Psycho Machine Racing (USA)
F7A3ABA0	Ring Dash (World) (Demo 7)
F7C3A222	Jikkyou Powerful Pro Yakyuu 3 (Japan)
F7D2FBC6	Oda Nobunaga - Haou no Gundan (Japan)
F7D52DD7	Radical Rex (USA) (Beta)
F7DE972E	Star Fox 2 (Japan) (Beta 9)
F812B533	Axelay (USA)
F829129E	Harvest Moon (USA)
F84305B1	Super Mario All-Stars + Super Mario World (USA)
F84C2BB6	Operation Europe - Path to Victory 1939-45 (USA)
F8C72A24	Jelly Boy (Europe)
F8D4C303	Game Genie (USA)
F8D9137F	Super Mario Collection (Japan) (Rev 1) (Virtual Console)
F8DEE029	Daffy Duck - The Marvin Missions (Europe)
F8E691D9	Tecmo Super Bowl (USA) (Beta)
F9206A29	WWF Royal Rumble (Europe) (Rev 1)
F9305A4F	Super Bug Hunters (World) (v1.1)
F953B79A	AIII S.V. - A Ressha de Ikou 3 - Super Version (Japan)
F965D542	Angelsong (World) (v1.1)
F9690BE9	Super Troll Islands (USA)
F9792194	Soul & Sword (Japan)
F9800156	Super Campeones 4 (Peru) (Es) (Pirate)
F997DEBC	Mystic Quest Legend (France)
F9A8DC7D	Fighter's History (World) (Evercade)
F9AE28DB	Illusion of Time (Europe)
F9AE2B76	Super Tsumeshougi 1000 (Japan)
F9C79B45	Honkakuha Taikyoku Shougi - Shougi Club (Japan)
F9CF0C56	Saikyou - Takada Nobuhiko (Japan)
F9FFCC46	Ultima - Runes of Virtue II (USA) (Beta 2)
FA06D5F5	Push-Over (USA)
FA0CE63A	Aero the Acro-Bat (Europe)
FA0FE671	Mega Man X3 (USA)
FA15D068	HyperZone (Europe)
FA29E335	BattleTech (Japan)
FA4560C3	Indiana Jones' Greatest Adventures (Europe)
FA542E48	Mega Man X (USA) (Mega Man X Collection)
FA63E6E8	Pachinko Fan - Shouri Sengen (Japan) (Rev 1)
FA66536D	Legend (World) (Piko Interactive)
FA698C31	Home Improvement - Power Tool Pursuit! (USA)
FA9A577A	NBA Jam (Europe) (Rev 1)
FA9EE2CE	Mega Man Soccer (USA)
FAACA0F5	Super Mario Bros. Maker (World) (Proto 2) (NES Conversion)
FABFF8BD	Zombies (Europe)
FACC2423	New Yatterman - Nandai Kandai Yajirobee (Japan)
FB0A855A	Sound Factory (Japan) (En) (Proto)
FB165A32	Great Battle IV, The (Japan)
FB1C9082	World Cup USA 94 (USA) (En,Fr,De,Es,It,Nl,Pt,Sv)
FB1D16C4	Super Ice Hockey (Europe)
FB259F4F	Super Bomberman 2 (Japan) (En)
FB2D267C	Mortal Kombat II - Kyuukyoku Shinken (Japan) (En)
FB487712	Jikkyou Powerful Pro Yakyuu '96 - Kaimaku Ban (Japan) (Rev 1)
FB500926	Hameln no Violin Hiki (Japan)
FB5747AC	Beethoven - The Ultimate Canine Caper! (USA) (Beta)
FB6CE04A	Super Mario - Yoshi Island (Japan) (Rev 2) (Sample)
FB764D87	Final Fight 3 (USA) (Beta)
FB770320	Jungle Strike (Europe)
FB8ED6AA	Big Ichigeki! Pachi-Slot Daikouryaku (Japan)
FB9F19BA	Joe & Mac - Tatakae Genshijin (Japan)
FBA012CD	Chuck Rock (Europe)
FBA97820	MechWarrior (Europe)
FBB59CC5	Mega Man II (World) (REV-A) (NES Conversion)
FBB6E0D8	World Heroes (Europe)
FBDFCDAB	Yoshi's Cookie (USA) (Beta)
FBE35998	Brett Hull Hockey (USA)
FBF3ABDF	Garou Densetsu 2 - Aratanaru Tatakai (Japan)
FBF3C0FF	3x3 Eyes - Seima Kourinden (Japan)
FC00BB1B	Pocky & Rocky 2 (USA)
FC1B8E11	Spider-Man - Venom - Maximum Carnage (Europe) (Sample)
FC23E228	Nigel Mansell's World Championship Racing (Europe)
FC353400	Dokapon 3-2-1 - Arashi o Yobu Yuujou (Japan)
FC519952	Fire Emblem - Thracia 776 (Japan)
FC633ECB	Super Bomberman - Panic Bomber World (Japan)
FC78AE79	DuckTales (World) (Beta 2) (NES Conversion)
FCB1C794	Winter Olympics - Lillehammer '94 (Europe) (En,Fr,De,Es,It,Pt,Sv,No)
FCB661E6	Shockman Zero (USA, Europe) (Retro-Bit)
FCDAB211	Wakuwaku Ski Wonder Spur (Japan)
FCDF43CA	Desert Strike - Wangan Sakusen (Japan)
FCE4DA63	Striker (Europe) (En,Fr,De,Es,It,Nl,Sv) (Beta 1)
FCE7BADE	Kevin Keegan's Player Manager (Europe)
FCE8A74D	Hat Trick Hero (Japan) (En)
FD1C12A3	Ren & Stimpy Show, The - Veediots! (USA)
FD29C744	Super Excidium Event (USA)
FD2A2284	Find Luigi (World)
FD3FDBAC	Front Mission Series - Gun Hazard (Japan)
FD44DF1F	Krusty's Super Fun House (Europe)
FD4AF462	TKO Super Championship Boxing (USA)
FD851819	Syndicate (Europe) (En,Fr,De)
FD93848B	Genocide 2 (Japan) (Beta)
FD96A42F	Breath of Fire - Ryuu no Senshi (Japan)
FDA7ACE3	Legend of Zelda, The - A Link to the Past (USA, Europe) (Switch Online)
FDB80165	Lufia (Europe)
FDD56EB2	Pop'n TwinBee (Japan) (Beta 1)
FDF2F478	Looney Tunes Basketball (Europe)
FE0B27EF	Thoroughbred Breeder (Japan)
FE263383	Super Off Road (USA)
FE27E061	Front Mission (Japan)
FE28D2C1	Soul Blazer (Germany)
FE4A2622	Heisei Inu Monogatari Bow - Pop'n Smash!! (Japan)
FE66FEF2	Zico Soccer (Japan)
FE691648	Super Mahjong 3 - Karakuchi (Japan)
FE6B2885	Densetsu no Ogre Battle - The March of the Black Queen (Japan) (Sample)
FE6C5DA7	Parlor! Parlor! 5 (Japan)
FE751BE3	Spot Goes to Hollywood (USA) (Proto 1)
FE7DE9CE	Super Battletank (Europe)
FE88A713	Populous (Europe)
FEB80589	Mystic Ark (Japan)
FEB912E1	Stone Protectors (World) (Steam)
FEBC684A	Undercover Cops (USA) (Retro-Bit)
FEEFAEC4	Leading Jockey 2 (Japan)
FF153921	Super Block'em Sock'em (World)
FF1C41C1	Super Castles (Japan)
FF2C508B	Earthworm Jim 2 (Europe) (Beta 1)
FF3A1DFE	Virtual Wars (Japan)
FF47C49E	Stone Protectors (Japan)
FF63EC26	Aretha II - Ariel no Fushigi na Tabi (Japan)
FF6C80C6	Super Jangou (Japan)
FFA8D1FF	Frantic Flea (USA)
FFC21CB9	Terranigma (Germany)
FFCBF355	Mortal Kombat 3 (USA) (Beta 2)
FFDF4355	Contra III - The Alien Wars (USA) (Beta)
FFE37ADF	Super Ultra Baseball 2 (Japan)
FFF8C139	3-jigen Kakutou Ballz (Japan) (En) (Sample)
FFF9DEAB	Beauty and the Beast (Europe) (Beta)
